agence,alternance,categorie,certificateur_nom_rncp,certificateur_nom_rs,code_rncp,code_rs,date_debut,date_fin,date_limite,distanciel,echelle_duree,formacode_code_rncp,formacode_code_rs,formacode_nom_rncp,formacode_nom_rs,intitule_formation,niveau_sortie_rncp,nsf_code_rncp,nsf_code_rs,nsf_nom_rncp,nsf_nom_rs,region,rncp_url,rs_url,siret_rncp,siret_rs,statut_registre_rncp,statut_registre_rs,titre_rncp,titre_rs,voie_acces
,False,Développement d'applications,,SIMPLON.CO,,5599,,,,False,,,"46250,70754",,"Gestion contenu site internet,logiciel gestion de contenu",Réaliser des applications web à l’aide d’un système de gestion de contenus - CMS,,,"326t,326",,"Programmation, mise en place de logiciels,Informatique, traitement de l'information, réseaux de transmission",,,https://www.francecompetences.fr/recherche/rs/5599/,,79279132900016,,Active,,Réaliser des applications web à l’aide d’un système de gestion de contenus (CMS),Après un parcours de formation continue
,False,Développement d'applications,,,,,,,,False,,,,,,Intégrer l’accessibilité numérique pour développer des sites inclusifs,,,,,,,,,,,,,,,"Après un parcours de formation continue,Par candidature individuelle,Par expérience."
,False,Développement d'applications,,SIMPLON.CO,,5038,,,,False,,,31090,,Programmation web,Objets connectés - Spécialisation,,,"255,326",,"Electricite, électronique,Informatique, traitement de l'information, réseaux de transmission",,,https://www.francecompetences.fr/recherche/rs/5038/,,79279132900016,,Active,,Industrialiser le prototype d’un objet connecté,"Après un parcours de formation continue,Par candidature individuelle,Par expérience."
,False,Développement d'applications,,,,,,,,False,,,,,,Développeur-se COBOL,,,,,,,,,,,,,,,
,False,Développement d'applications,MINISTERE DU TRAVAIL DU PLEIN EMPLOI ET DE L' INSERTION,,37674,,,,,False,,"31090,46288,31006,70710",,"Programmation web,Qualité web,Sécurité informatique,logiciel gestion de contenu e-commerce",,"Développeur.euse informatique, option jeux vidéo 2D",Niveau 5,326t,,"Programmation, mise en place de logiciels",,,https://www.francecompetences.fr/recherche/rncp/37674/,,11000007200014,,Active,,TP - Développeur web et web mobile,,
,False,Développement d'applications,MINISTERE DU TRAVAIL DU PLEIN EMPLOI ET DE L' INSERTION,SIMPLON.CO,31114,5487,,,,False,,"46207,31010",31024,"Conduite projet multimédia,Architecture web",Méthode agile,Développeur-se  back-end JAVA EE,Niveau 5,326t,"310p,315p,300","Programmation, mise en place de logiciels","Spécialités plurivalentes des échanges et de la gestion (organisation , gestion),Spécialités plurivalentes des échanges et de la gestion (organisation, gestion),Spécialites plurivalentes des services",,https://www.francecompetences.fr/recherche/rncp/31114/,https://www.francecompetences.fr/recherche/rs/5487/,11000007200014,79279132900016,Inactive,Active,TP - Développeur web et web mobile,Gérer un projet en mobilisant les méthodes agiles,"En contrat de professionnalisation / en contrat d’apprentissage,Après un parcours de formation continue,Par expérience."
,False,Développement d'applications,MINISTERE DU TRAVAIL DU PLEIN EMPLOI ET DE L' INSERTION,,31114,,,,,False,,"46207,31010",,"Conduite projet multimédia,Architecture web",,Développeur-euse Front-end,Niveau 5,326t,,"Programmation, mise en place de logiciels",,,https://www.francecompetences.fr/recherche/rncp/31114/,,11000007200014,,Inactive,,TP - Développeur web et web mobile,,
,False,Développement d'applications,MINISTERE DU TRAVAIL DU PLEIN EMPLOI ET DE L' INSERTION,,37873,,,,,False,,"31067,31036,31010,31084,31006",,"Analyse programmation,Administration base de données,Architecture web,Informatique de gestion,Sécurité informatique",,Advanced Apple Foundation Program - Concepteur-rice développeur-euse d'apps,Niveau 6,326t,,"Programmation, mise en place de logiciels",,,https://www.francecompetences.fr/recherche/rncp/37873/,,11000007200014,,Active,,TP - Concepteur développeur d'applications,,
,False,Métavers et XR,MINISTERE DU TRAVAIL DU PLEIN EMPLOI ET DE L' INSERTION,SIMPLON.CO,225,5487,,,,False,,31051,31024,Maintenance assistance informatique,Méthode agile,Technicien-ne d’assistance en Réalité Virtuelle,Niveau 4,326r,"310p,315p,300","Assistance informatique, maintenance de logiciels et réseaux","Spécialités plurivalentes des échanges et de la gestion (organisation , gestion),Spécialités plurivalentes des échanges et de la gestion (organisation, gestion),Spécialites plurivalentes des services",,"https://www.francecompetences.fr/recherche/rncp/225/#:~:text=RNCP225BC03%20%2D%20Assister%20ou%20d%C3%A9panner%20les%20clients%20ou%20les%20utilisateurs&text=Modalit%C3%A9s%20d'%C3%A9valuation-,Apporter%20un%20support%20technique%20dans%20un%20contexte%20commercial.,ou%20sur%20leurs%20%C3%A9quipements%20num%C3%A9riques.",https://www.francecompetences.fr/recherche/rs/5487/,11000007200014,79279132900016,Inactive,Active,TP - Technicien d’assistance en informatique,Gérer un projet en mobilisant les méthodes agiles,"En contrat de professionnalisation / en contrat d’apprentissage,Après un parcours de formation continue,Par expérience."
,False,Métavers et XR,SIMPLON.CO,,37524,,,,,False,,"31088,46266,31094",,"Programmation,Réalité virtuelle,Conduite projet informatique",,Développeur-euse Réalité Virtuelle/Réalité Augmentée - 3D temps réel,Niveau 7,"320t,326t",,"Réalisation du service,Programmation, mise en place de logiciels",,,https://www.francecompetences.fr/recherche/rncp/37524/,,79279132900016,,Active,,Concepteur intégrateur d'applications de réalité virtuelle et 3D temps réel,,
,False,Gestion de projet agile,,SIMPLON.CO,,5487,,,,False,,,31024,,Méthode agile,Gérer un projet en mobilisant les méthodes agiles,,,"310p,315p,300",,"Spécialités plurivalentes des échanges et de la gestion (organisation , gestion),Spécialités plurivalentes des échanges et de la gestion (organisation, gestion),Spécialites plurivalentes des services",,,https://www.francecompetences.fr/recherche/rs/5487/,,79279132900016,,Active,,Gérer un projet en mobilisant les méthodes agiles,Après un parcours de formation continue
,False,Cloud-devops,,SIMPLON.CO,,5043,,,,False,,,31024,,Méthode agile,École Cloud Microsoft By Simplon  - Parcours Développeur-se Cloud,,,326,,"Informatique, traitement de l'information, réseaux de transmission",,,https://www.francecompetences.fr/recherche/rs/5043/,,79279132900016,,Active,,Exploiter les outils de développement de la chaîne DevOps,"En contrat de professionnalisation,Après un parcours de formation continue,Par expérience."
,False,Cloud-devops,MINISTERE DU TRAVAIL DU PLEIN EMPLOI ET DE L' INSERTION,SIMPLON.CO,36061,5487,,,,False,,"31011,30854,30812,31034,31021",31024,"Cloud computing,Langages informatiques,Langage Python,Administration système,Linux",Méthode agile,École Cloud Microsoft By Simplon - Parcours Administrateur-rice Cloud,Niveau 6,326,"310p,315p,300","Informatique, traitement de l'information, réseaux de transmission","Spécialités plurivalentes des échanges et de la gestion (organisation , gestion),Spécialités plurivalentes des échanges et de la gestion (organisation, gestion),Spécialites plurivalentes des services",,https://www.francecompetences.fr/recherche/rncp/36061/,https://www.francecompetences.fr/recherche/rs/5487/,11000007200014,79279132900016,Active,Active,TP - Administrateur système DevOps,Gérer un projet en mobilisant les méthodes agiles,"En contrat de professionnalisation / en contrat d’apprentissage,Après un parcours de formation continue,Par expérience."
,False,Cloud-devops,MINISTERE DU TRAVAIL DU PLEIN EMPLOI ET DE L' INSERTION,SIMPLON.CO,31115,5234,,,,False,,"24231,31008",31054,"Réseau informatique,Système information",Informatique et systèmes d'information,Programme AWS re/Start - formation Cloud,Niveau 5,326,326,"Informatique, traitement de l'information, réseaux de transmission","Informatique, traitement de l'information, réseaux de transmission",,https://www.francecompetences.fr/recherche/rncp/31115/,https://www.francecompetences.fr/recherche/rs/5234/,11000007200014,79279132900016,Inactive,Active,TP - Technicien supérieur systèmes et réseaux,Exploiter les méthodes et outils DevOps dans l’administration des infrastructures,
,False,Cloud-devops,,SIMPLON.CO,,5043,,,,False,,,31024,,Méthode agile,Développer avec la méthode DevOps - Spécialisation,,,326,,"Informatique, traitement de l'information, réseaux de transmission",,,https://www.francecompetences.fr/recherche/rs/5043/,,79279132900016,,Active,,Exploiter les outils de développement de la chaîne DevOps,Après un parcours de formation continue
,False,Cloud-devops,,SIMPLON.CO,,5234,,,,False,,,31054,,Informatique et systèmes d'information,Administrer avec la méthode DevOps - Spécialisation,,,326,,"Informatique, traitement de l'information, réseaux de transmission",,,https://www.francecompetences.fr/recherche/rs/5234/,,79279132900016,,Active,,Exploiter les méthodes et outils DevOps dans l’administration des infrastructures,"Le cas échant, prérequis à l’entrée en formation :,Justifier d’une expérience professionnelle d’un an minimum en tant que en tant que technicien systèmes et réseaux ou assimilé ou développeur.,Le cas échant, prérequis à la validation de la certification :,Après un parcours de formation continue"
"Simplon Lyon,Simplon Montreuil,Créteil",False,Développement d'applications,,SIMPLON.CO,,5599,23/09/2024,,08/09/2024,False,inférieur à 3 mois,,"46250,70754",,"Gestion contenu site internet,logiciel gestion de contenu",SAS de pré-qualification à la formation Développeur-se Web et Web Mobile,,,"326t,326",,"Programmation, mise en place de logiciels,Informatique, traitement de l'information, réseaux de transmission",Île-de-France,,https://www.francecompetences.fr/recherche/rs/5599/,,79279132900016,,Active,,Réaliser des applications web à l’aide d’un système de gestion de contenus (CMS),Après un parcours de formation continue
"Simplon Lille -Wazemmes,Simplon Lyon",False,Développement d'applications,,SIMPLON.CO,,5599,21/10/2024,,04/10/2024,False,inférieur à 3 mois,,"46250,70754",,"Gestion contenu site internet,logiciel gestion de contenu",Prépa Web Refugeeks2,,,"326t,326",,"Programmation, mise en place de logiciels,Informatique, traitement de l'information, réseaux de transmission",Auvergne-Rhône-Alpes,,https://www.francecompetences.fr/recherche/rs/5599/,,79279132900016,,Active,,Réaliser des applications web à l’aide d’un système de gestion de contenus (CMS),Après un parcours de formation continue
,False,Développement d'applications,,SIMPLON.CO,,5599,30/09/2024,21/11/2024,06/09/2024,False,inférieur à 3 mois,,"46250,70754",,"Gestion contenu site internet,logiciel gestion de contenu",Prépa Web Refugeeks2,,,"326t,326",,"Programmation, mise en place de logiciels,Informatique, traitement de l'information, réseaux de transmission",Hauts-de-France,,https://www.francecompetences.fr/recherche/rs/5599/,,79279132900016,,Active,,Réaliser des applications web à l’aide d’un système de gestion de contenus (CMS),Après un parcours de formation continue
"Simplon Lyon,Simplon Montreuil,Créteil",False,Développement d'applications,,SIMPLON.CO,,5599,30/09/2024,8/11/2024,08/09/2024,False,inférieur à 3 mois,,"46250,70754",,"Gestion contenu site internet,logiciel gestion de contenu",SAS de pré-qualification à la formation Développeur-se Web et Web Mobile,,,"326t,326",,"Programmation, mise en place de logiciels,Informatique, traitement de l'information, réseaux de transmission",Île-de-France,,https://www.francecompetences.fr/recherche/rs/5599/,,79279132900016,,Active,,Réaliser des applications web à l’aide d’un système de gestion de contenus (CMS),Après un parcours de formation continue
,False,Développement d'applications,,SIMPLON.CO,,5599,09/09/2024,18/10/2024,22/07/2024,False,inférieur à 3 mois,,"46250,70754",,"Gestion contenu site internet,logiciel gestion de contenu",SAS de pré-qualification à la formation Développeur-se Web et Web Mobile,,,"326t,326",,"Programmation, mise en place de logiciels,Informatique, traitement de l'information, réseaux de transmission",Auvergne-Rhône-Alpes,,https://www.francecompetences.fr/recherche/rs/5599/,,79279132900016,,Active,,Réaliser des applications web à l’aide d’un système de gestion de contenus (CMS),Après un parcours de formation continue
"Simplon Boulogne-sur-Mer,Simplon Toulouse,100% en ligne,Simplon Aulnay-sous-Bois",False,Développement d'applications,MINISTERE DU TRAVAIL DU PLEIN EMPLOI ET DE L' INSERTION,SIMPLON.CO,37674,5487,30/09/2024,,15/09/2024,False,au-delà de 7 mois,"31090,46288,31006,70710",31024,"Programmation web,Qualité web,Sécurité informatique,logiciel gestion de contenu e-commerce",Méthode agile,Développeur-euse web et web mobile,Niveau 5,326t,"310p,315p,300","Programmation, mise en place de logiciels","Spécialités plurivalentes des échanges et de la gestion (organisation , gestion),Spécialités plurivalentes des échanges et de la gestion (organisation, gestion),Spécialites plurivalentes des services",Île-de-France,https://www.francecompetences.fr/recherche/rncp/37674/,https://www.francecompetences.fr/recherche/rs/5487/,11000007200014,79279132900016,Active,Active,TP - Développeur web et web mobile,Gérer un projet en mobilisant les méthodes agiles,
"Simplon Lyon,Simplon Montreuil,Simplon Toulouse,Simplon Marseille République,Simplon Lille -Wazemmes,Simplon Montreuil,Simplon Lyon,Simplon Toulouse",False,Développement d'applications,,,,,11/10/2024,08/11/2024,06/10/2024,False,inférieur à 3 mois,,,,,Apple Foundation Program - Développement mobile iOS,,,,,,Occitanie,,,,,,,,,
"Simplon Boulogne-sur-Mer,Simplon Toulouse,100% en ligne,Simplon Aulnay-sous-Bois",True,Développement d'applications,MINISTERE DU TRAVAIL DU PLEIN EMPLOI ET DE L' INSERTION,SIMPLON.CO,37674,5487,16/09/2024,19/09/2025,31/08/2024,False,au-delà de 7 mois,"31090,46288,31006,70710",31024,"Programmation web,Qualité web,Sécurité informatique,logiciel gestion de contenu e-commerce",Méthode agile,Développeur-euse web et web mobile,Niveau 5,326t,"310p,315p,300","Programmation, mise en place de logiciels","Spécialités plurivalentes des échanges et de la gestion (organisation , gestion),Spécialités plurivalentes des échanges et de la gestion (organisation, gestion),Spécialites plurivalentes des services",Auvergne-Rhône-Alpes,https://www.francecompetences.fr/recherche/rncp/37674/,https://www.francecompetences.fr/recherche/rs/5487/,11000007200014,79279132900016,Active,Active,TP - Développeur web et web mobile,Gérer un projet en mobilisant les méthodes agiles,
"Simplon Montreuil,100% en ligne,Distance,A distance,A distance,100% Distanciel,La Réunion  - Saint-Pierre,Simplon Lyon,Simplon Marseille Le Cloître,Simplon Lyon",True,Développement d'applications,MINISTERE DU TRAVAIL DU PLEIN EMPLOI ET DE L' INSERTION,SIMPLON.CO,37873,5043,06/01/2025,,13/12/2024,False,au-delà de 7 mois,"31067,31036,31010,31084,31006",31024,"Analyse programmation,Administration base de données,Architecture web,Informatique de gestion,Sécurité informatique",Méthode agile,Concepteur-rice Développeur-se en environnement DevOps,Niveau 6,326t,326,"Programmation, mise en place de logiciels","Informatique, traitement de l'information, réseaux de transmission",Auvergne-Rhône-Alpes,https://www.francecompetences.fr/recherche/rncp/37873/,https://www.francecompetences.fr/recherche/rs/5043/,11000007200014,79279132900016,Active,Active,TP - Concepteur développeur d'applications,Exploiter les outils de développement de la chaîne DevOps,
"Simplon Montreuil,100% en ligne,Distance,A distance,A distance,100% Distanciel,La Réunion  - Saint-Pierre,Simplon Lyon,Simplon Marseille Le Cloître,Simplon Lyon",True,Développement d'applications,MINISTERE DU TRAVAIL DU PLEIN EMPLOI ET DE L' INSERTION,SIMPLON.CO,37873,5043,23/09/2024,,23/09/2024,False,au-delà de 7 mois,"31067,31036,31010,31084,31006",31024,"Analyse programmation,Administration base de données,Architecture web,Informatique de gestion,Sécurité informatique",Méthode agile,Concepteur-rice Développeur-se en environnement DevOps,Niveau 6,326t,326,"Programmation, mise en place de logiciels","Informatique, traitement de l'information, réseaux de transmission",Provence-Alpes-Cote d'Azur,https://www.francecompetences.fr/recherche/rncp/37873/,https://www.francecompetences.fr/recherche/rs/5043/,11000007200014,79279132900016,Active,Active,TP - Concepteur développeur d'applications,Exploiter les outils de développement de la chaîne DevOps,
"Simplon Valenciennes - Les Ateliers Numériques,Simplon Clermont,Simplon Grenoble,Simplon Bordeaux / Bayonne,100% en ligne,100% en ligne,A distance,A distance,A distance,A distance,100% à distance,Distance",True,Développement d'applications,MINISTERE DU TRAVAIL DU PLEIN EMPLOI ET DE L' INSERTION,SIMPLON.CO,37873,5487,23/09/2024,26/09/2025,26/09/2025,False,au-delà de 7 mois,"31067,31036,31010,31084,31006",31024,"Analyse programmation,Administration base de données,Architecture web,Informatique de gestion,Sécurité informatique",Méthode agile,Concepteur-ice développeur-se d'applications,Niveau 6,326t,"310p,315p,300","Programmation, mise en place de logiciels","Spécialités plurivalentes des échanges et de la gestion (organisation , gestion),Spécialités plurivalentes des échanges et de la gestion (organisation, gestion),Spécialites plurivalentes des services",Grand Ouest,https://www.francecompetences.fr/recherche/rncp/37873/,https://www.francecompetences.fr/recherche/rs/5487/,11000007200014,79279132900016,Active,Active,TP - Concepteur développeur d'applications,Gérer un projet en mobilisant les méthodes agiles,
"100% en ligne,A distance,Simplon Montreuil",True,Infrastructures et cybersécurité,MINISTERE DU TRAVAIL DU PLEIN EMPLOI ET DE L' INSERTION,,37682,,23/09/2024,26/09/2026,14/09/2024,False,au-delà de 7 mois,"24231,31008",,"Réseau informatique,Système information",,Technicien-ne supérieur-e systèmes et réseaux,Niveau 5,"326p,326r,326u",,"Informatique, traitement de l'information (organisation, gestion),Assistance informatique, maintenance de logiciels et réseaux,Exploitation informatique",,Île-de-France,https://www.francecompetences.fr/recherche/rncp/37682/,,11000007200014,,Active,,TP - Technicien supérieur systèmes et réseaux,,
"Simplon Valenciennes - Les Ateliers Numériques,Simplon Clermont,Simplon Grenoble,Simplon Bordeaux / Bayonne,100% en ligne,100% en ligne,A distance,A distance,A distance,A distance,100% à distance,Distance",True,Développement d'applications,MINISTERE DU TRAVAIL DU PLEIN EMPLOI ET DE L' INSERTION,SIMPLON.CO,37873,5487,23/09/2024,26/09/2025,14/09/2024,False,au-delà de 7 mois,"31067,31036,31010,31084,31006",31024,"Analyse programmation,Administration base de données,Architecture web,Informatique de gestion,Sécurité informatique",Méthode agile,Concepteur-ice développeur-se d'applications,Niveau 6,326t,"310p,315p,300","Programmation, mise en place de logiciels","Spécialités plurivalentes des échanges et de la gestion (organisation , gestion),Spécialités plurivalentes des échanges et de la gestion (organisation, gestion),Spécialites plurivalentes des services",Hauts-de-France,https://www.francecompetences.fr/recherche/rncp/37873/,https://www.francecompetences.fr/recherche/rs/5487/,11000007200014,79279132900016,Active,Active,TP - Concepteur développeur d'applications,Gérer un projet en mobilisant les méthodes agiles,
,True,Infrastructures et cybersécurité,MINISTERE DU TRAVAIL DU PLEIN EMPLOI ET DE L' INSERTION,,37682,,23/09/2024,26/09/2025,14/09/2024,False,au-delà de 7 mois,"24231,31008",,"Réseau informatique,Système information",,Technicien-ne supérieur-e systèmes et réseaux,Niveau 5,"326p,326r,326u",,"Informatique, traitement de l'information (organisation, gestion),Assistance informatique, maintenance de logiciels et réseaux,Exploitation informatique",,Auvergne-Rhône-Alpes,https://www.francecompetences.fr/recherche/rncp/37682/,,11000007200014,,Active,,TP - Technicien supérieur systèmes et réseaux,,
"100% en ligne,A distance,Simplon Montreuil",False,Infrastructures et cybersécurité,MINISTERE DU TRAVAIL DU PLEIN EMPLOI ET DE L' INSERTION,,37682,,22/09/2024,,22/09/2024,False,au-delà de 7 mois,"24231,31008",,"Réseau informatique,Système information",,Technicien-ne supérieur-e systèmes et réseaux,Niveau 5,"326p,326r,326u",,"Informatique, traitement de l'information (organisation, gestion),Assistance informatique, maintenance de logiciels et réseaux,Exploitation informatique",,Île-de-France,https://www.francecompetences.fr/recherche/rncp/37682/,,11000007200014,,Active,,TP - Technicien supérieur systèmes et réseaux,,
"Simplon  Nantes,Simplon Rennes,Simplon Grenoble,Simplon Lyon,Simplon Montpellier,Simplon Toulouse,Simplon Marseille Le Cloître,100% en ligne,Distance,100% Distanciel,Simplon Nice",False,Infrastructures et cybersécurité,MINISTERE DU TRAVAIL DU PLEIN EMPLOI ET DE L' INSERTION,SIMPLON.CO,37682,5020,09/09/2024,,23/09/2024,False,au-delà de 7 mois,"24231,31008","31090,31006","Réseau informatique,Système information","Programmation web,Sécurité informatique",Technicien-ne supérieur-e systèmes et réseaux - Spécialité surveillance de sécurité,Niveau 5,"326p,326r,326u",326,"Informatique, traitement de l'information (organisation, gestion),Assistance informatique, maintenance de logiciels et réseaux,Exploitation informatique","Informatique, traitement de l'information, réseaux de transmission",Provence-Alpes-Cote d'Azur,https://www.francecompetences.fr/recherche/rncp/37682/,https://www.francecompetences.fr/recherche/rs/5020/,11000007200014,79279132900016,Active,Active,TP - Technicien supérieur systèmes et réseaux, Surveiller un système d’information sur des critères de sécurité informatique,"En contrat de professionnalisation / en contrat d’apprentissage,Après un parcours de formation continue,Par expérience."
"Simplon  Nantes,Simplon Rennes,Simplon Grenoble,Simplon Lyon,Simplon Montpellier,Simplon Toulouse,Simplon Marseille Le Cloître,100% en ligne,Distance,100% Distanciel,Simplon Nice",True,Infrastructures et cybersécurité,MINISTERE DU TRAVAIL DU PLEIN EMPLOI ET DE L' INSERTION,SIMPLON.CO,37682,5020,23/09/2024,20/02/2026,14/09/2024,False,au-delà de 7 mois,"24231,31008","31090,31006","Réseau informatique,Système information","Programmation web,Sécurité informatique",Technicien-ne supérieur-e systèmes et réseaux - Spécialité surveillance de sécurité,Niveau 5,"326p,326r,326u",326,"Informatique, traitement de l'information (organisation, gestion),Assistance informatique, maintenance de logiciels et réseaux,Exploitation informatique","Informatique, traitement de l'information, réseaux de transmission",Provence-Alpes-Cote d'Azur,https://www.francecompetences.fr/recherche/rncp/37682/,https://www.francecompetences.fr/recherche/rs/5020/,11000007200014,79279132900016,Active,Active,TP - Technicien supérieur systèmes et réseaux, Surveiller un système d’information sur des critères de sécurité informatique,"En contrat de professionnalisation / en contrat d’apprentissage,Après un parcours de formation continue,Par expérience."
"Simplon  Nantes,Simplon Rennes,Simplon Grenoble,Simplon Lyon,Simplon Montpellier,Simplon Toulouse,Simplon Marseille Le Cloître,100% en ligne,Distance,100% Distanciel,Simplon Nice",True,Infrastructures et cybersécurité,MINISTERE DU TRAVAIL DU PLEIN EMPLOI ET DE L' INSERTION,SIMPLON.CO,37682,5020,23/09/2024,20/02/2026,14/09/2024,False,au-delà de 7 mois,"24231,31008","31090,31006","Réseau informatique,Système information","Programmation web,Sécurité informatique",Technicien-ne supérieur-e systèmes et réseaux - Spécialité surveillance de sécurité,Niveau 5,"326p,326r,326u",326,"Informatique, traitement de l'information (organisation, gestion),Assistance informatique, maintenance de logiciels et réseaux,Exploitation informatique","Informatique, traitement de l'information, réseaux de transmission",Grand Ouest,https://www.francecompetences.fr/recherche/rncp/37682/,https://www.francecompetences.fr/recherche/rs/5020/,11000007200014,79279132900016,Active,Active,TP - Technicien supérieur systèmes et réseaux, Surveiller un système d’information sur des critères de sécurité informatique,"En contrat de professionnalisation / en contrat d’apprentissage,Après un parcours de formation continue,Par expérience."
"Simplon  Nantes,Simplon Rennes,Simplon Grenoble,Simplon Lyon,Simplon Montpellier,Simplon Toulouse,Simplon Marseille Le Cloître,100% en ligne,Distance,100% Distanciel,Simplon Nice",True,Infrastructures et cybersécurité,MINISTERE DU TRAVAIL DU PLEIN EMPLOI ET DE L' INSERTION,SIMPLON.CO,37682,5020,23/09/2024,20/02/2026,14/09/2024,False,au-delà de 7 mois,"24231,31008","31090,31006","Réseau informatique,Système information","Programmation web,Sécurité informatique",Technicien-ne supérieur-e systèmes et réseaux - Spécialité surveillance de sécurité,Niveau 5,"326p,326r,326u",326,"Informatique, traitement de l'information (organisation, gestion),Assistance informatique, maintenance de logiciels et réseaux,Exploitation informatique","Informatique, traitement de l'information, réseaux de transmission",Auvergne-Rhône-Alpes,https://www.francecompetences.fr/recherche/rncp/37682/,https://www.francecompetences.fr/recherche/rs/5020/,11000007200014,79279132900016,Active,Active,TP - Technicien supérieur systèmes et réseaux, Surveiller un système d’information sur des critères de sécurité informatique,"En contrat de professionnalisation / en contrat d’apprentissage,Après un parcours de formation continue,Par expérience."
"Simplon  Nantes,Simplon Rennes,Simplon Grenoble,Simplon Lyon,Simplon Montpellier,Simplon Toulouse,Simplon Marseille Le Cloître,100% en ligne,Distance,100% Distanciel,Simplon Nice",False,Infrastructures et cybersécurité,MINISTERE DU TRAVAIL DU PLEIN EMPLOI ET DE L' INSERTION,SIMPLON.CO,37682,5020,23/09/2024,,09/09/2024,False,au-delà de 7 mois,"24231,31008","31090,31006","Réseau informatique,Système information","Programmation web,Sécurité informatique",Technicien-ne supérieur-e systèmes et réseaux - Spécialité surveillance de sécurité,Niveau 5,"326p,326r,326u",326,"Informatique, traitement de l'information (organisation, gestion),Assistance informatique, maintenance de logiciels et réseaux,Exploitation informatique","Informatique, traitement de l'information, réseaux de transmission",Provence-Alpes-Cote d'Azur,https://www.francecompetences.fr/recherche/rncp/37682/,https://www.francecompetences.fr/recherche/rs/5020/,11000007200014,79279132900016,Active,Active,TP - Technicien supérieur systèmes et réseaux, Surveiller un système d’information sur des critères de sécurité informatique,"En contrat de professionnalisation / en contrat d’apprentissage,Après un parcours de formation continue,Par expérience."
"Simplon Lyon,Simplon Montreuil,Simplon Toulouse,Simplon Marseille République,Simplon Lille -Wazemmes,Simplon Montreuil,Simplon Lyon,Simplon Toulouse",False,Développement d'applications,,,,,11/10/2024,8/11/2024,06/10/2024,False,inférieur à 3 mois,,,,,Apple Foundation Program - Développement mobile iOS,,,,,,Auvergne-Rhône-Alpes,,,,,,,,,
"Simplon  Nantes,Simplon Rennes,Simplon Grenoble,Simplon Lyon,Simplon Montpellier,Simplon Toulouse,Simplon Marseille Le Cloître,100% en ligne,Distance,100% Distanciel,Simplon Nice",True,Infrastructures et cybersécurité,MINISTERE DU TRAVAIL DU PLEIN EMPLOI ET DE L' INSERTION,SIMPLON.CO,37682,5020,23/09/2024,10/04/2026,30/08/2024,False,au-delà de 7 mois,"24231,31008","31090,31006","Réseau informatique,Système information","Programmation web,Sécurité informatique",Technicien-ne supérieur-e systèmes et réseaux - Spécialité surveillance de sécurité,Niveau 5,"326p,326r,326u",326,"Informatique, traitement de l'information (organisation, gestion),Assistance informatique, maintenance de logiciels et réseaux,Exploitation informatique","Informatique, traitement de l'information, réseaux de transmission",Occitanie,https://www.francecompetences.fr/recherche/rncp/37682/,https://www.francecompetences.fr/recherche/rs/5020/,11000007200014,79279132900016,Active,Active,TP - Technicien supérieur systèmes et réseaux, Surveiller un système d’information sur des critères de sécurité informatique,"En contrat de professionnalisation / en contrat d’apprentissage,Après un parcours de formation continue,Par expérience."
"Simplon Lyon,Simplon Montreuil,Simplon Toulouse,Simplon Marseille République,Simplon Lille -Wazemmes,Simplon Montreuil,Simplon Lyon,Simplon Toulouse",False,Développement d'applications,,,,,11/10/2024,,27/09/2024,False,inférieur à 3 mois,,,,,Apple Foundation Program - Développement mobile iOS,,,,,,Île-de-France,,,,,,,,,
"Simplon  Nantes,Simplon Rennes,Simplon Grenoble,Simplon Lyon,Simplon Montpellier,Simplon Toulouse,Simplon Marseille Le Cloître,100% en ligne,Distance,100% Distanciel,Simplon Nice",True,Infrastructures et cybersécurité,MINISTERE DU TRAVAIL DU PLEIN EMPLOI ET DE L' INSERTION,SIMPLON.CO,37682,5020,30/09/2024,19/12/2024,25/08/2024,False,au-delà de 7 mois,"24231,31008","31090,31006","Réseau informatique,Système information","Programmation web,Sécurité informatique",Technicien-ne supérieur-e systèmes et réseaux - Spécialité surveillance de sécurité,Niveau 5,"326p,326r,326u",326,"Informatique, traitement de l'information (organisation, gestion),Assistance informatique, maintenance de logiciels et réseaux,Exploitation informatique","Informatique, traitement de l'information, réseaux de transmission",Occitanie,https://www.francecompetences.fr/recherche/rncp/37682/,https://www.francecompetences.fr/recherche/rs/5020/,11000007200014,79279132900016,Active,Active,TP - Technicien supérieur systèmes et réseaux, Surveiller un système d’information sur des critères de sécurité informatique,"En contrat de professionnalisation / en contrat d’apprentissage,Après un parcours de formation continue,Par expérience."
"Simplon Lyon,Simplon Montreuil,Simplon Toulouse,Simplon Marseille République,Simplon Lille -Wazemmes,Simplon Montreuil,Simplon Lyon,Simplon Toulouse",False,Développement d'applications,,,,,02/09/2024,27/09/2024,29/08/2024,False,inférieur à 3 mois,,,,,Apple Foundation Program - Développement mobile iOS,,,,,,Hauts-de-France,,,,,,,,,
"Simplon Lyon,Simplon Montreuil,Simplon Toulouse,Simplon Marseille République,Simplon Lille -Wazemmes,Simplon Montreuil,Simplon Lyon,Simplon Toulouse",False,Développement d'applications,,,,,02/09/2024,,29/08/2024,False,inférieur à 3 mois,,,,,Apple Foundation Program - Développement mobile iOS,,,,,,Provence-Alpes-Cote d'Azur,,,,,,,,,
"Simplon  Nantes,Simplon Rennes,Simplon Grenoble,Simplon Lyon,Simplon Montpellier,Simplon Toulouse,Simplon Marseille Le Cloître,100% en ligne,Distance,100% Distanciel,Simplon Nice",False,Infrastructures et cybersécurité,MINISTERE DU TRAVAIL DU PLEIN EMPLOI ET DE L' INSERTION,SIMPLON.CO,37682,5020,23/09/2024,17/03/2026,15/08/2024,False,au-delà de 7 mois,"24231,31008","31090,31006","Réseau informatique,Système information","Programmation web,Sécurité informatique",Technicien-ne supérieur-e systèmes et réseaux - Spécialité surveillance de sécurité,Niveau 5,"326p,326r,326u",326,"Informatique, traitement de l'information (organisation, gestion),Assistance informatique, maintenance de logiciels et réseaux,Exploitation informatique","Informatique, traitement de l'information, réseaux de transmission",Auvergne-Rhône-Alpes,https://www.francecompetences.fr/recherche/rncp/37682/,https://www.francecompetences.fr/recherche/rs/5020/,11000007200014,79279132900016,Active,Active,TP - Technicien supérieur systèmes et réseaux, Surveiller un système d’information sur des critères de sécurité informatique,"En contrat de professionnalisation / en contrat d’apprentissage,Après un parcours de formation continue,Par expérience."
"Simplon Lyon,Simplon Montreuil,Simplon Toulouse,Simplon Marseille République,Simplon Lille -Wazemmes,Simplon Montreuil,Simplon Lyon,Simplon Toulouse",False,Développement d'applications,,,,,02/09/2024,27/09/2024,25/08/2024,False,inférieur à 3 mois,,,,,Apple Foundation Program - Développement mobile iOS,,,,,,Occitanie,,,,,,,,,
,False,Data-intelligence artificielle,,SIMPLON.CO,,5599,07/10/2024,2/12/2024,10/09/2024,False,inférieur à 3 mois,,"46250,70754",,"Gestion contenu site internet,logiciel gestion de contenu",SAS de pré-qualification aux métiers du numérique - Intelligence Artificielle,,,"326t,326",,"Programmation, mise en place de logiciels,Informatique, traitement de l'information, réseaux de transmission",Hauts-de-France,,https://www.francecompetences.fr/recherche/rs/5599/,,79279132900016,,Active,,Réaliser des applications web à l’aide d’un système de gestion de contenus (CMS),Après un parcours de formation continue
"Simplon Lyon,Simplon Montreuil,Simplon Toulouse,Simplon Marseille République,Simplon Lille -Wazemmes,Simplon Montreuil,Simplon Lyon,Simplon Toulouse",False,Développement d'applications,,,,,02/09/2024,,01/08/2024,False,inférieur à 3 mois,,,,,Apple Foundation Program - Développement mobile iOS,,,,,,Île-de-France,,,,,,,,,
,False,Développement d'applications,,,,,02/09/2024,27/09/2024,14/07/2024,False,inférieur à 3 mois,,,,,Apple Foundation Program - Développement mobile iOS,,,,,,Auvergne-Rhône-Alpes,,,,,,,,,
"Simplon  Nantes,Simplon Rennes,Simplon Grenoble,Simplon Lyon,Simplon Montpellier,Simplon Toulouse,Simplon Marseille Le Cloître,100% en ligne,Distance,100% Distanciel,Simplon Nice",False,Infrastructures et cybersécurité,MINISTERE DU TRAVAIL DU PLEIN EMPLOI ET DE L' INSERTION,SIMPLON.CO,37682,5020,23/09/2024,17/03/2026,15/08/2024,False,au-delà de 7 mois,"24231,31008","31090,31006","Réseau informatique,Système information","Programmation web,Sécurité informatique",Technicien-ne supérieur-e systèmes et réseaux - Spécialité surveillance de sécurité,Niveau 5,"326p,326r,326u",326,"Informatique, traitement de l'information (organisation, gestion),Assistance informatique, maintenance de logiciels et réseaux,Exploitation informatique","Informatique, traitement de l'information, réseaux de transmission",Auvergne-Rhône-Alpes,https://www.francecompetences.fr/recherche/rncp/37682/,https://www.francecompetences.fr/recherche/rs/5020/,11000007200014,79279132900016,Active,Active,TP - Technicien supérieur systèmes et réseaux, Surveiller un système d’information sur des critères de sécurité informatique,"En contrat de professionnalisation / en contrat d’apprentissage,Après un parcours de formation continue,Par expérience."
"Simplon  Nantes,Simplon Rennes,Simplon Grenoble,Simplon Lyon,Simplon Montpellier,Simplon Toulouse,Simplon Marseille Le Cloître,100% en ligne,Distance,100% Distanciel,Simplon Nice",False,Infrastructures et cybersécurité,MINISTERE DU TRAVAIL DU PLEIN EMPLOI ET DE L' INSERTION,SIMPLON.CO,37682,5020,23/09/2024,27/03/2026,26/07/2024,False,au-delà de 7 mois,"24231,31008","31090,31006","Réseau informatique,Système information","Programmation web,Sécurité informatique",Technicien-ne supérieur-e systèmes et réseaux - Spécialité surveillance de sécurité,Niveau 5,"326p,326r,326u",326,"Informatique, traitement de l'information (organisation, gestion),Assistance informatique, maintenance de logiciels et réseaux,Exploitation informatique","Informatique, traitement de l'information, réseaux de transmission",Grand Ouest,https://www.francecompetences.fr/recherche/rncp/37682/,https://www.francecompetences.fr/recherche/rs/5020/,11000007200014,79279132900016,Active,Active,TP - Technicien supérieur systèmes et réseaux, Surveiller un système d’information sur des critères de sécurité informatique,"En contrat de professionnalisation / en contrat d’apprentissage,Après un parcours de formation continue,Par expérience."
,False,Infrastructures et cybersécurité,MINISTERE DU TRAVAIL DU PLEIN EMPLOI ET DE L' INSERTION,SIMPLON.CO,37682,5020,23/09/2024,27/03/2026,26/07/2024,False,au-delà de 7 mois,"24231,31008","31090,31006","Réseau informatique,Système information","Programmation web,Sécurité informatique",Technicien-ne supérieur-e systèmes et réseaux - Spécialité surveillance de sécurité,Niveau 5,"326p,326r,326u",326,"Informatique, traitement de l'information (organisation, gestion),Assistance informatique, maintenance de logiciels et réseaux,Exploitation informatique","Informatique, traitement de l'information, réseaux de transmission",Grand Ouest,https://www.francecompetences.fr/recherche/rncp/37682/,https://www.francecompetences.fr/recherche/rs/5020/,11000007200014,79279132900016,Active,Active,TP - Technicien supérieur systèmes et réseaux, Surveiller un système d’information sur des critères de sécurité informatique,"En contrat de professionnalisation / en contrat d’apprentissage,Après un parcours de formation continue,Par expérience."
"Ecole IA Microsoft by Simplon x CCI Côtes d'Armor - Saint-Brieuc,Simplon.co - Nancy,Simplon Toulouse,100% en ligne,A distance,La Réunion - Saint-Denis,Simplon Marseille Le Cloître,Simplon Montreuil,Simplon Roubaix",False,Data-intelligence artificielle,SIMPLON.CO,SIMPLON.CO,37827,5487,16/12/2024,12/07/2025,20/11/2024,False,au-delà de 7 mois,"31028,30812,31067,11050,31094",31024,"Intelligence artificielle,Langage Python,Analyse programmation,Mathématiques informatiques,Conduite projet informatique",Méthode agile,École IA Microsoft By Simplon - Développeur-se en intelligence artificielle,Niveau 6,"114b,125g,326","310p,315p,300","Modèles mathématiques ; Informatique mathématique,Langages artificiels et informatique ; Linguistique et didactique des langues,Informatique, traitement de l'information, réseaux de transmission","Spécialités plurivalentes des échanges et de la gestion (organisation , gestion),Spécialités plurivalentes des échanges et de la gestion (organisation, gestion),Spécialites plurivalentes des services",Hauts-de-France,https://www.francecompetences.fr/recherche/rncp/37827/,https://www.francecompetences.fr/recherche/rs/5487/,79279132900016,79279132900016,Active,Active,Développeur en intelligence artificielle,Gérer un projet en mobilisant les méthodes agiles,
"Ecole IA Microsoft by Simplon x CCI Côtes d'Armor - Saint-Brieuc,Simplon.co - Nancy,Simplon Toulouse,100% en ligne,A distance,La Réunion - Saint-Denis,Simplon Marseille Le Cloître,Simplon Montreuil,Simplon Roubaix",False,Data-intelligence artificielle,SIMPLON.CO,SIMPLON.CO,37827,5487,28/10/2024,,30/09/2024,False,au-delà de 7 mois,"31028,30812,31067,11050,31094",31024,"Intelligence artificielle,Langage Python,Analyse programmation,Mathématiques informatiques,Conduite projet informatique",Méthode agile,École IA Microsoft By Simplon - Développeur-se en intelligence artificielle,Niveau 6,"114b,125g,326","310p,315p,300","Modèles mathématiques ; Informatique mathématique,Langages artificiels et informatique ; Linguistique et didactique des langues,Informatique, traitement de l'information, réseaux de transmission","Spécialités plurivalentes des échanges et de la gestion (organisation , gestion),Spécialités plurivalentes des échanges et de la gestion (organisation, gestion),Spécialites plurivalentes des services",Île-de-France,https://www.francecompetences.fr/recherche/rncp/37827/,https://www.francecompetences.fr/recherche/rs/5487/,79279132900016,79279132900016,Active,Active,Développeur en intelligence artificielle,Gérer un projet en mobilisant les méthodes agiles,
"Ecole IA Microsoft by Simplon x CCI Côtes d'Armor - Saint-Brieuc,Simplon.co - Nancy,Simplon Toulouse,100% en ligne,A distance,La Réunion - Saint-Denis,Simplon Marseille Le Cloître,Simplon Montreuil,Simplon Roubaix",False,Data-intelligence artificielle,SIMPLON.CO,SIMPLON.CO,37827,5487,28/10/2024,,19/09/2024,False,au-delà de 7 mois,"31028,30812,31067,11050,31094",31024,"Intelligence artificielle,Langage Python,Analyse programmation,Mathématiques informatiques,Conduite projet informatique",Méthode agile,École IA Microsoft By Simplon - Développeur-se en intelligence artificielle,Niveau 6,"114b,125g,326","310p,315p,300","Modèles mathématiques ; Informatique mathématique,Langages artificiels et informatique ; Linguistique et didactique des langues,Informatique, traitement de l'information, réseaux de transmission","Spécialités plurivalentes des échanges et de la gestion (organisation , gestion),Spécialités plurivalentes des échanges et de la gestion (organisation, gestion),Spécialites plurivalentes des services",Provence-Alpes-Cote d'Azur,https://www.francecompetences.fr/recherche/rncp/37827/,https://www.francecompetences.fr/recherche/rs/5487/,79279132900016,79279132900016,Active,Active,Développeur en intelligence artificielle,Gérer un projet en mobilisant les méthodes agiles,
"Ecole IA Microsoft by Simplon x CCI Côtes d'Armor - Saint-Brieuc,Simplon.co - Nancy,Simplon Toulouse,100% en ligne,A distance,La Réunion - Saint-Denis,Simplon Marseille Le Cloître,Simplon Montreuil,Simplon Roubaix",False,Data-intelligence artificielle,SIMPLON.CO,SIMPLON.CO,37827,5487,23/09/2024,,16/09/2024,False,au-delà de 7 mois,"31028,30812,31067,11050,31094",31024,"Intelligence artificielle,Langage Python,Analyse programmation,Mathématiques informatiques,Conduite projet informatique",Méthode agile,École IA Microsoft By Simplon - Développeur-se en intelligence artificielle,Niveau 6,"114b,125g,326","310p,315p,300","Modèles mathématiques ; Informatique mathématique,Langages artificiels et informatique ; Linguistique et didactique des langues,Informatique, traitement de l'information, réseaux de transmission","Spécialités plurivalentes des échanges et de la gestion (organisation , gestion),Spécialités plurivalentes des échanges et de la gestion (organisation, gestion),Spécialites plurivalentes des services",Outre-mer,https://www.francecompetences.fr/recherche/rncp/37827/,https://www.francecompetences.fr/recherche/rs/5487/,79279132900016,79279132900016,Active,Active,Développeur en intelligence artificielle,Gérer un projet en mobilisant les méthodes agiles,
"Ecole IA Microsoft by Simplon x CCI Côtes d'Armor - Saint-Brieuc,Simplon.co - Nancy,Simplon Toulouse,100% en ligne,A distance,La Réunion - Saint-Denis,Simplon Marseille Le Cloître,Simplon Montreuil,Simplon Roubaix",True,Data-intelligence artificielle,SIMPLON.CO,SIMPLON.CO,37827,5487,23/09/2024,06/03/2026,07/09/2024,False,au-delà de 7 mois,"31028,30812,31067,11050,31094",31024,"Intelligence artificielle,Langage Python,Analyse programmation,Mathématiques informatiques,Conduite projet informatique",Méthode agile,École IA Microsoft By Simplon - Développeur-se en intelligence artificielle,Niveau 6,"114b,125g,326","310p,315p,300","Modèles mathématiques ; Informatique mathématique,Langages artificiels et informatique ; Linguistique et didactique des langues,Informatique, traitement de l'information, réseaux de transmission","Spécialités plurivalentes des échanges et de la gestion (organisation , gestion),Spécialités plurivalentes des échanges et de la gestion (organisation, gestion),Spécialites plurivalentes des services",Île-de-France,https://www.francecompetences.fr/recherche/rncp/37827/,https://www.francecompetences.fr/recherche/rs/5487/,79279132900016,79279132900016,Active,Active,Développeur en intelligence artificielle,Gérer un projet en mobilisant les méthodes agiles,
"Ecole IA Microsoft by Simplon x CCI Côtes d'Armor - Saint-Brieuc,Simplon.co - Nancy,Simplon Toulouse,100% en ligne,A distance,La Réunion - Saint-Denis,Simplon Marseille Le Cloître,Simplon Montreuil,Simplon Roubaix",True,Data-intelligence artificielle,SIMPLON.CO,SIMPLON.CO,37827,5487,23/09/2024,27/03/2026,07/09/2024,False,au-delà de 7 mois,"31028,30812,31067,11050,31094",31024,"Intelligence artificielle,Langage Python,Analyse programmation,Mathématiques informatiques,Conduite projet informatique",Méthode agile,École IA Microsoft By Simplon - Développeur-se en intelligence artificielle,Niveau 6,"114b,125g,326","310p,315p,300","Modèles mathématiques ; Informatique mathématique,Langages artificiels et informatique ; Linguistique et didactique des langues,Informatique, traitement de l'information, réseaux de transmission","Spécialités plurivalentes des échanges et de la gestion (organisation , gestion),Spécialités plurivalentes des échanges et de la gestion (organisation, gestion),Spécialites plurivalentes des services",Auvergne-Rhône-Alpes,https://www.francecompetences.fr/recherche/rncp/37827/,https://www.francecompetences.fr/recherche/rs/5487/,79279132900016,79279132900016,Active,Active,Développeur en intelligence artificielle,Gérer un projet en mobilisant les méthodes agiles,
"Ecole IA Microsoft by Simplon x CCI Côtes d'Armor - Saint-Brieuc,Simplon.co - Nancy,Simplon Toulouse,100% en ligne,A distance,La Réunion - Saint-Denis,Simplon Marseille Le Cloître,Simplon Montreuil,Simplon Roubaix",False,Data-intelligence artificielle,SIMPLON.CO,SIMPLON.CO,37827,5487,01/10/2024,,01/09/2024,False,au-delà de 7 mois,"31028,30812,31067,11050,31094",31024,"Intelligence artificielle,Langage Python,Analyse programmation,Mathématiques informatiques,Conduite projet informatique",Méthode agile,École IA Microsoft By Simplon - Développeur-se en intelligence artificielle,Niveau 6,"114b,125g,326","310p,315p,300","Modèles mathématiques ; Informatique mathématique,Langages artificiels et informatique ; Linguistique et didactique des langues,Informatique, traitement de l'information, réseaux de transmission","Spécialités plurivalentes des échanges et de la gestion (organisation , gestion),Spécialités plurivalentes des échanges et de la gestion (organisation, gestion),Spécialites plurivalentes des services",Occitanie,https://www.francecompetences.fr/recherche/rncp/37827/,https://www.francecompetences.fr/recherche/rs/5487/,79279132900016,79279132900016,Active,Active,Développeur en intelligence artificielle,Gérer un projet en mobilisant les méthodes agiles,
"Ecole IA Microsoft by Simplon x CCI Côtes d'Armor - Saint-Brieuc,Simplon.co - Nancy,Simplon Toulouse,100% en ligne,A distance,La Réunion - Saint-Denis,Simplon Marseille Le Cloître,Simplon Montreuil,Simplon Roubaix",False,Data-intelligence artificielle,SIMPLON.CO,SIMPLON.CO,37827,5487,23/09/2024,,23/08/2024,False,au-delà de 7 mois,"31028,30812,31067,11050,31094",31024,"Intelligence artificielle,Langage Python,Analyse programmation,Mathématiques informatiques,Conduite projet informatique",Méthode agile,École IA Microsoft By Simplon - Développeur-se en intelligence artificielle,Niveau 6,"114b,125g,326","310p,315p,300","Modèles mathématiques ; Informatique mathématique,Langages artificiels et informatique ; Linguistique et didactique des langues,Informatique, traitement de l'information, réseaux de transmission","Spécialités plurivalentes des échanges et de la gestion (organisation , gestion),Spécialités plurivalentes des échanges et de la gestion (organisation, gestion),Spécialites plurivalentes des services",Grand Est,https://www.francecompetences.fr/recherche/rncp/37827/,https://www.francecompetences.fr/recherche/rs/5487/,79279132900016,79279132900016,Active,Active,Développeur en intelligence artificielle,Gérer un projet en mobilisant les méthodes agiles,
,False,Data-intelligence artificielle,SIMPLON.CO,SIMPLON.CO,37827,5487,29/08/2024,,04/08/2024,False,au-delà de 7 mois,"31028,30812,31067,11050,31094",31024,"Intelligence artificielle,Langage Python,Analyse programmation,Mathématiques informatiques,Conduite projet informatique",Méthode agile,École IA Microsoft By Simplon - Développeur-se en intelligence artificielle,Niveau 6,"114b,125g,326","310p,315p,300","Modèles mathématiques ; Informatique mathématique,Langages artificiels et informatique ; Linguistique et didactique des langues,Informatique, traitement de l'information, réseaux de transmission","Spécialités plurivalentes des échanges et de la gestion (organisation , gestion),Spécialités plurivalentes des échanges et de la gestion (organisation, gestion),Spécialites plurivalentes des services",Grand Ouest,https://www.francecompetences.fr/recherche/rncp/37827/,https://www.francecompetences.fr/recherche/rs/5487/,79279132900016,79279132900016,Active,Active,Développeur en intelligence artificielle,Gérer un projet en mobilisant les méthodes agiles,
"Simplon Valenciennes - Les Ateliers Numériques,Simplon Clermont,Simplon Grenoble,Simplon Bordeaux / Bayonne,100% en ligne,100% en ligne,A distance,A distance,A distance,A distance,100% à distance,Distance",True,Développement d'applications,MINISTERE DU TRAVAIL DU PLEIN EMPLOI ET DE L' INSERTION,SIMPLON.CO,37873,5487,30/09/2024,03/10/2025,14/09/2024,False,au-delà de 7 mois,"31067,31036,31010,31084,31006",31024,"Analyse programmation,Administration base de données,Architecture web,Informatique de gestion,Sécurité informatique",Méthode agile,Concepteur-ice développeur-se d'applications,Niveau 6,326t,"310p,315p,300","Programmation, mise en place de logiciels","Spécialités plurivalentes des échanges et de la gestion (organisation , gestion),Spécialités plurivalentes des échanges et de la gestion (organisation, gestion),Spécialites plurivalentes des services",Île-de-France,https://www.francecompetences.fr/recherche/rncp/37873/,https://www.francecompetences.fr/recherche/rs/5487/,11000007200014,79279132900016,Active,Active,TP - Concepteur développeur d'applications,Gérer un projet en mobilisant les méthodes agiles,
"Simplon Valenciennes - Les Ateliers Numériques,Simplon Clermont,Simplon Grenoble,Simplon Bordeaux / Bayonne,100% en ligne,100% en ligne,A distance,A distance,A distance,A distance,100% à distance,Distance",True,Développement d'applications,MINISTERE DU TRAVAIL DU PLEIN EMPLOI ET DE L' INSERTION,SIMPLON.CO,37873,5487,23/09/2024,26/09/2025,14/09/2024,False,au-delà de 7 mois,"31067,31036,31010,31084,31006",31024,"Analyse programmation,Administration base de données,Architecture web,Informatique de gestion,Sécurité informatique",Méthode agile,Concepteur-ice développeur-se d'applications,Niveau 6,326t,"310p,315p,300","Programmation, mise en place de logiciels","Spécialités plurivalentes des échanges et de la gestion (organisation , gestion),Spécialités plurivalentes des échanges et de la gestion (organisation, gestion),Spécialites plurivalentes des services",Île-de-France,https://www.francecompetences.fr/recherche/rncp/37873/,https://www.francecompetences.fr/recherche/rs/5487/,11000007200014,79279132900016,Active,Active,TP - Concepteur développeur d'applications,Gérer un projet en mobilisant les méthodes agiles,
"Simplon Valenciennes - Les Ateliers Numériques,Simplon Clermont,Simplon Grenoble,Simplon Bordeaux / Bayonne,100% en ligne,100% en ligne,A distance,A distance,A distance,A distance,100% à distance,Distance",True,Développement d'applications,MINISTERE DU TRAVAIL DU PLEIN EMPLOI ET DE L' INSERTION,SIMPLON.CO,37873,5487,30/09/2024,03/10/2025,14/09/2024,False,au-delà de 7 mois,"31067,31036,31010,31084,31006",31024,"Analyse programmation,Administration base de données,Architecture web,Informatique de gestion,Sécurité informatique",Méthode agile,Concepteur-ice développeur-se d'applications,Niveau 6,326t,"310p,315p,300","Programmation, mise en place de logiciels","Spécialités plurivalentes des échanges et de la gestion (organisation , gestion),Spécialités plurivalentes des échanges et de la gestion (organisation, gestion),Spécialites plurivalentes des services",Occitanie,https://www.francecompetences.fr/recherche/rncp/37873/,https://www.francecompetences.fr/recherche/rs/5487/,11000007200014,79279132900016,Active,Active,TP - Concepteur développeur d'applications,Gérer un projet en mobilisant les méthodes agiles,
"Simplon Valenciennes - Les Ateliers Numériques,Simplon Clermont,Simplon Grenoble,Simplon Bordeaux / Bayonne,100% en ligne,100% en ligne,A distance,A distance,A distance,A distance,100% à distance,Distance",True,Développement d'applications,MINISTERE DU TRAVAIL DU PLEIN EMPLOI ET DE L' INSERTION,SIMPLON.CO,37873,5487,23/09/2024,26/09/2025,14/09/2024,False,au-delà de 7 mois,"31067,31036,31010,31084,31006",31024,"Analyse programmation,Administration base de données,Architecture web,Informatique de gestion,Sécurité informatique",Méthode agile,Concepteur-ice développeur-se d'applications,Niveau 6,326t,"310p,315p,300","Programmation, mise en place de logiciels","Spécialités plurivalentes des échanges et de la gestion (organisation , gestion),Spécialités plurivalentes des échanges et de la gestion (organisation, gestion),Spécialites plurivalentes des services",Occitanie,https://www.francecompetences.fr/recherche/rncp/37873/,https://www.francecompetences.fr/recherche/rs/5487/,11000007200014,79279132900016,Active,Active,TP - Concepteur développeur d'applications,Gérer un projet en mobilisant les méthodes agiles,
"Simplon Valenciennes - Les Ateliers Numériques,Simplon Clermont,Simplon Grenoble,Simplon Bordeaux / Bayonne,100% en ligne,100% en ligne,A distance,A distance,A distance,A distance,100% à distance,Distance",True,Développement d'applications,MINISTERE DU TRAVAIL DU PLEIN EMPLOI ET DE L' INSERTION,SIMPLON.CO,37873,5487,30/09/2024,03/10/2025,14/09/2024,False,au-delà de 7 mois,"31067,31036,31010,31084,31006",31024,"Analyse programmation,Administration base de données,Architecture web,Informatique de gestion,Sécurité informatique",Méthode agile,Concepteur-ice développeur-se d'applications,Niveau 6,326t,"310p,315p,300","Programmation, mise en place de logiciels","Spécialités plurivalentes des échanges et de la gestion (organisation , gestion),Spécialités plurivalentes des échanges et de la gestion (organisation, gestion),Spécialites plurivalentes des services",Auvergne-Rhône-Alpes,https://www.francecompetences.fr/recherche/rncp/37873/,https://www.francecompetences.fr/recherche/rs/5487/,11000007200014,79279132900016,Active,Active,TP - Concepteur développeur d'applications,Gérer un projet en mobilisant les méthodes agiles,
,False,Data-intelligence artificielle,,,,,,,,False,,,,,,Elaborez une solution d’IA pour votre PME/TPE !,,,,,,,,,,,,,,,
"Simplon Valenciennes - Les Ateliers Numériques,Simplon Clermont,Simplon Grenoble,Simplon Bordeaux / Bayonne,100% en ligne,100% en ligne,A distance,A distance,A distance,A distance,100% à distance,Distance",True,Développement d'applications,MINISTERE DU TRAVAIL DU PLEIN EMPLOI ET DE L' INSERTION,SIMPLON.CO,37873,5487,23/09/2024,26/09/2025,14/09/2024,False,au-delà de 7 mois,"31067,31036,31010,31084,31006",31024,"Analyse programmation,Administration base de données,Architecture web,Informatique de gestion,Sécurité informatique",Méthode agile,Concepteur-ice développeur-se d'applications,Niveau 6,326t,"310p,315p,300","Programmation, mise en place de logiciels","Spécialités plurivalentes des échanges et de la gestion (organisation , gestion),Spécialités plurivalentes des échanges et de la gestion (organisation, gestion),Spécialites plurivalentes des services",Auvergne-Rhône-Alpes,https://www.francecompetences.fr/recherche/rncp/37873/,https://www.francecompetences.fr/recherche/rs/5487/,11000007200014,79279132900016,Active,Active,TP - Concepteur développeur d'applications,Gérer un projet en mobilisant les méthodes agiles,
"Simplon Valenciennes - Les Ateliers Numériques,Simplon Clermont,Simplon Grenoble,Simplon Bordeaux / Bayonne,100% en ligne,100% en ligne,A distance,A distance,A distance,A distance,100% à distance,Distance",False,Développement d'applications,MINISTERE DU TRAVAIL DU PLEIN EMPLOI ET DE L' INSERTION,SIMPLON.CO,37873,5487,16/09/2024,,02/09/2024,False,au-delà de 7 mois,"31067,31036,31010,31084,31006",31024,"Analyse programmation,Administration base de données,Architecture web,Informatique de gestion,Sécurité informatique",Méthode agile,Concepteur-ice développeur-se d'applications,Niveau 6,326t,"310p,315p,300","Programmation, mise en place de logiciels","Spécialités plurivalentes des échanges et de la gestion (organisation , gestion),Spécialités plurivalentes des échanges et de la gestion (organisation, gestion),Spécialites plurivalentes des services",Nouvelle-Aquitaine,https://www.francecompetences.fr/recherche/rncp/37873/,https://www.francecompetences.fr/recherche/rs/5487/,11000007200014,79279132900016,Active,Active,TP - Concepteur développeur d'applications,Gérer un projet en mobilisant les méthodes agiles,
"Simplon Valenciennes - Les Ateliers Numériques,Simplon Clermont,Simplon Grenoble,Simplon Bordeaux / Bayonne,100% en ligne,100% en ligne,A distance,A distance,A distance,A distance,100% à distance,Distance",False,Développement d'applications,MINISTERE DU TRAVAIL DU PLEIN EMPLOI ET DE L' INSERTION,SIMPLON.CO,37873,5487,04/11/2024,,01/09/2024,False,au-delà de 7 mois,"31067,31036,31010,31084,31006",31024,"Analyse programmation,Administration base de données,Architecture web,Informatique de gestion,Sécurité informatique",Méthode agile,Concepteur-ice développeur-se d'applications,Niveau 6,326t,"310p,315p,300","Programmation, mise en place de logiciels","Spécialités plurivalentes des échanges et de la gestion (organisation , gestion),Spécialités plurivalentes des échanges et de la gestion (organisation, gestion),Spécialites plurivalentes des services",Auvergne-Rhône-Alpes,https://www.francecompetences.fr/recherche/rncp/37873/,https://www.francecompetences.fr/recherche/rs/5487/,11000007200014,79279132900016,Active,Active,TP - Concepteur développeur d'applications,Gérer un projet en mobilisant les méthodes agiles,
"Simplon Valenciennes - Les Ateliers Numériques,Simplon Clermont,Simplon Grenoble,Simplon Bordeaux / Bayonne,100% en ligne,100% en ligne,A distance,A distance,A distance,A distance,100% à distance,Distance",False,Développement d'applications,MINISTERE DU TRAVAIL DU PLEIN EMPLOI ET DE L' INSERTION,SIMPLON.CO,37873,5487,04/11/2024,,01/09/2024,False,au-delà de 7 mois,"31067,31036,31010,31084,31006",31024,"Analyse programmation,Administration base de données,Architecture web,Informatique de gestion,Sécurité informatique",Méthode agile,Concepteur-ice développeur-se d'applications,Niveau 6,326t,"310p,315p,300","Programmation, mise en place de logiciels","Spécialités plurivalentes des échanges et de la gestion (organisation , gestion),Spécialités plurivalentes des échanges et de la gestion (organisation, gestion),Spécialites plurivalentes des services",Auvergne-Rhône-Alpes,https://www.francecompetences.fr/recherche/rncp/37873/,https://www.francecompetences.fr/recherche/rs/5487/,11000007200014,79279132900016,Active,Active,TP - Concepteur développeur d'applications,Gérer un projet en mobilisant les méthodes agiles,
,False,Data-intelligence artificielle,,,,,,,,False,,,,,,Acculturation IA : Devenez le Pilote de l’IA pour votre PME/TPE,,,,,,,,,,,,,,,
,False,Développement d'applications,MINISTERE DU TRAVAIL DU PLEIN EMPLOI ET DE L' INSERTION,SIMPLON.CO,37873,5487,16/09/2024,23/06/2025,16/08/2024,False,au-delà de 7 mois,"31067,31036,31010,31084,31006",31024,"Analyse programmation,Administration base de données,Architecture web,Informatique de gestion,Sécurité informatique",Méthode agile,Concepteur-ice développeur-se d'applications,Niveau 6,326t,"310p,315p,300","Programmation, mise en place de logiciels","Spécialités plurivalentes des échanges et de la gestion (organisation , gestion),Spécialités plurivalentes des échanges et de la gestion (organisation, gestion),Spécialites plurivalentes des services",Hauts-de-France,https://www.francecompetences.fr/recherche/rncp/37873/,https://www.francecompetences.fr/recherche/rs/5487/,11000007200014,79279132900016,Active,Active,TP - Concepteur développeur d'applications,Gérer un projet en mobilisant les méthodes agiles,
,False,Data-intelligence artificielle,,,,,,,,False,,,,,,AI Business School TPE/PME,,,,,,,,,,,,,,,
"Simplon Montreuil,100% en ligne,Distance,A distance,A distance,100% Distanciel,La Réunion  - Saint-Pierre,Simplon Lyon,Simplon Marseille Le Cloître,Simplon Lyon",True,Développement d'applications,MINISTERE DU TRAVAIL DU PLEIN EMPLOI ET DE L' INSERTION,SIMPLON.CO,37873,5043,23/09/2024,27/03/2026,09/09/2024,False,au-delà de 7 mois,"31067,31036,31010,31084,31006",31024,"Analyse programmation,Administration base de données,Architecture web,Informatique de gestion,Sécurité informatique",Méthode agile,Concepteur-rice Développeur-se en environnement DevOps,Niveau 6,326t,326,"Programmation, mise en place de logiciels","Informatique, traitement de l'information, réseaux de transmission",Auvergne-Rhône-Alpes,https://www.francecompetences.fr/recherche/rncp/37873/,https://www.francecompetences.fr/recherche/rs/5043/,11000007200014,79279132900016,Active,Active,TP - Concepteur développeur d'applications,Exploiter les outils de développement de la chaîne DevOps,
"Simplon Montreuil,100% en ligne,Distance,A distance,A distance,100% Distanciel,La Réunion  - Saint-Pierre,Simplon Lyon,Simplon Marseille Le Cloître,Simplon Lyon",True,Développement d'applications,MINISTERE DU TRAVAIL DU PLEIN EMPLOI ET DE L' INSERTION,SIMPLON.CO,37873,5043,23/09/2024,05/09/2025,07/09/2024,False,au-delà de 7 mois,"31067,31036,31010,31084,31006",31024,"Analyse programmation,Administration base de données,Architecture web,Informatique de gestion,Sécurité informatique",Méthode agile,Concepteur-rice Développeur-se en environnement DevOps,Niveau 6,326t,326,"Programmation, mise en place de logiciels","Informatique, traitement de l'information, réseaux de transmission",Outre-mer,https://www.francecompetences.fr/recherche/rncp/37873/,https://www.francecompetences.fr/recherche/rs/5043/,11000007200014,79279132900016,Active,Active,TP - Concepteur développeur d'applications,Exploiter les outils de développement de la chaîne DevOps,
"Simplon Montreuil,100% en ligne,Distance,A distance,A distance,100% Distanciel,La Réunion  - Saint-Pierre,Simplon Lyon,Simplon Marseille Le Cloître,Simplon Lyon",True,Développement d'applications,MINISTERE DU TRAVAIL DU PLEIN EMPLOI ET DE L' INSERTION,SIMPLON.CO,37873,5043,23/09/2024,06/03/2026,07/09/2024,False,au-delà de 7 mois,"31067,31036,31010,31084,31006",31024,"Analyse programmation,Administration base de données,Architecture web,Informatique de gestion,Sécurité informatique",Méthode agile,Concepteur-rice Développeur-se en environnement DevOps,Niveau 6,326t,326,"Programmation, mise en place de logiciels","Informatique, traitement de l'information, réseaux de transmission",Provence-Alpes-Cote d'Azur,https://www.francecompetences.fr/recherche/rncp/37873/,https://www.francecompetences.fr/recherche/rs/5043/,11000007200014,79279132900016,Active,Active,TP - Concepteur développeur d'applications,Exploiter les outils de développement de la chaîne DevOps,
"Simplon Montreuil,100% en ligne,Distance,A distance,A distance,100% Distanciel,La Réunion  - Saint-Pierre,Simplon Lyon,Simplon Marseille Le Cloître,Simplon Lyon",True,Développement d'applications,MINISTERE DU TRAVAIL DU PLEIN EMPLOI ET DE L' INSERTION,SIMPLON.CO,37873,5043,23/09/2024,06/03/2026,07/09/2024,False,au-delà de 7 mois,"31067,31036,31010,31084,31006",31024,"Analyse programmation,Administration base de données,Architecture web,Informatique de gestion,Sécurité informatique",Méthode agile,Concepteur-rice Développeur-se en environnement DevOps,Niveau 6,326t,326,"Programmation, mise en place de logiciels","Informatique, traitement de l'information, réseaux de transmission",Occitanie,https://www.francecompetences.fr/recherche/rncp/37873/,https://www.francecompetences.fr/recherche/rs/5043/,11000007200014,79279132900016,Active,Active,TP - Concepteur développeur d'applications,Exploiter les outils de développement de la chaîne DevOps,
,False,Cloud-devops,,SIMPLON.CO,,5044,,,,False,,,31024,,Méthode agile,La méthode DevOps - Spécialisation,,,326,,"Informatique, traitement de l'information, réseaux de transmission",,,https://www.francecompetences.fr/recherche/rs/5044/,,79279132900016,,Active,,Appliquer la méthode DevOps pour optimiser le cycle de vie des applications,"En contrat de professionnalisation,Après un parcours de formation continue,Par candidature individuelle,Par expérience."
"Simplon Montreuil,100% en ligne,Distance,A distance,A distance,100% Distanciel,La Réunion  - Saint-Pierre,Simplon Lyon,Simplon Marseille Le Cloître,Simplon Lyon",True,Développement d'applications,MINISTERE DU TRAVAIL DU PLEIN EMPLOI ET DE L' INSERTION,SIMPLON.CO,37873,5043,23/09/2024,06/03/2026,07/09/2024,False,au-delà de 7 mois,"31067,31036,31010,31084,31006",31024,"Analyse programmation,Administration base de données,Architecture web,Informatique de gestion,Sécurité informatique",Méthode agile,Concepteur-rice Développeur-se en environnement DevOps,Niveau 6,326t,326,"Programmation, mise en place de logiciels","Informatique, traitement de l'information, réseaux de transmission",Île-de-France,https://www.francecompetences.fr/recherche/rncp/37873/,https://www.francecompetences.fr/recherche/rs/5043/,11000007200014,79279132900016,Active,Active,TP - Concepteur développeur d'applications,Exploiter les outils de développement de la chaîne DevOps,
"Simplon Montreuil,100% en ligne,Distance,A distance,A distance,100% Distanciel,La Réunion  - Saint-Pierre,Simplon Lyon,Simplon Marseille Le Cloître,Simplon Lyon",True,Développement d'applications,MINISTERE DU TRAVAIL DU PLEIN EMPLOI ET DE L' INSERTION,SIMPLON.CO,37873,5043,23/09/2024,05/09/2025,07/09/2024,False,au-delà de 7 mois,"31067,31036,31010,31084,31006",31024,"Analyse programmation,Administration base de données,Architecture web,Informatique de gestion,Sécurité informatique",Méthode agile,Concepteur-rice Développeur-se en environnement DevOps,Niveau 6,326t,326,"Programmation, mise en place de logiciels","Informatique, traitement de l'information, réseaux de transmission",Grand Ouest,https://www.francecompetences.fr/recherche/rncp/37873/,https://www.francecompetences.fr/recherche/rs/5043/,11000007200014,79279132900016,Active,Active,TP - Concepteur développeur d'applications,Exploiter les outils de développement de la chaîne DevOps,
"Simplon Montreuil,100% en ligne,Distance,A distance,A distance,100% Distanciel,La Réunion  - Saint-Pierre,Simplon Lyon,Simplon Marseille Le Cloître,Simplon Lyon",True,Développement d'applications,MINISTERE DU TRAVAIL DU PLEIN EMPLOI ET DE L' INSERTION,SIMPLON.CO,37873,5043,23/09/2024,27/03/2026,07/09/2024,False,au-delà de 7 mois,"31067,31036,31010,31084,31006",31024,"Analyse programmation,Administration base de données,Architecture web,Informatique de gestion,Sécurité informatique",Méthode agile,Concepteur-rice Développeur-se en environnement DevOps,Niveau 6,326t,326,"Programmation, mise en place de logiciels","Informatique, traitement de l'information, réseaux de transmission",Auvergne-Rhône-Alpes,https://www.francecompetences.fr/recherche/rncp/37873/,https://www.francecompetences.fr/recherche/rs/5043/,11000007200014,79279132900016,Active,Active,TP - Concepteur développeur d'applications,Exploiter les outils de développement de la chaîne DevOps,
"100% en ligne,Distance,A distance,A distance,100% Distanciel,La Réunion - Saint-Denis,Simplon Toulouse",True,Data-intelligence artificielle,SIMPLON.CO,,37638,,24/03/2025,9/10/2026,23/02/2025,False,au-delà de 7 mois,"31036,31023,31052,24268,71654",,"Administration base de données,Données massives,Data Warehouse,Transmission données informatiques,logiciel système gestion bases données",,Data Engineer,Niveau 7,326,,"Informatique, traitement de l'information, réseaux de transmission",,Occitanie,https://www.francecompetences.fr/recherche/rncp/37638/,,79279132900016,,Active,,Expert en infrastructures de données massives,,
"100% en ligne,Distance,A distance,A distance,100% Distanciel,La Réunion - Saint-Denis,Simplon Toulouse",True,Data-intelligence artificielle,SIMPLON.CO,,37638,,07/10/2024,07/03/2026,21/09/2024,False,au-delà de 7 mois,"31036,31023,31052,24268,71654",,"Administration base de données,Données massives,Data Warehouse,Transmission données informatiques,logiciel système gestion bases données",,Data Engineer,Niveau 7,326,,"Informatique, traitement de l'information, réseaux de transmission",,Outre-mer,https://www.francecompetences.fr/recherche/rncp/37638/,,79279132900016,,Active,,Expert en infrastructures de données massives,,
"100% en ligne,100% à distance,A distance,100% Distanciel,Distance,Simplon Bordeaux / Bayonne,La Réunion  - Saint-Pierre,Simplon Montpellier",False,Data-intelligence artificielle,ASCENCIA PARIS LA DEFENSE,,36129,,09/12/2024,,10/11/2024,False,au-delà de 7 mois,"31094,31028",,"Conduite projet informatique,Intelligence artificielle",,Chef / Cheffe de projet en intelligence artificielle,Niveau 7,"326t,326p",,"Programmation, mise en place de logiciels,Informatique, traitement de l'information (organisation, gestion)",,Occitanie,https://www.francecompetences.fr/recherche/rncp/36129/,,50123141900034,,Active,,Chef de projet en intelligence artificielle,,
,False,Développement d'applications,MINISTERE DU TRAVAIL DU PLEIN EMPLOI ET DE L' INSERTION,SIMPLON.CO,37873,5043,23/09/2024,,01/08/2024,False,au-delà de 7 mois,"31067,31036,31010,31084,31006",31024,"Analyse programmation,Administration base de données,Architecture web,Informatique de gestion,Sécurité informatique",Méthode agile,Concepteur-rice Développeur-se en environnement DevOps,Niveau 6,326t,326,"Programmation, mise en place de logiciels","Informatique, traitement de l'information, réseaux de transmission",Île-de-France,https://www.francecompetences.fr/recherche/rncp/37873/,https://www.francecompetences.fr/recherche/rs/5043/,11000007200014,79279132900016,Active,Active,TP - Concepteur développeur d'applications,Exploiter les outils de développement de la chaîne DevOps,
"100% en ligne,100% à distance,A distance,100% Distanciel,Distance,Simplon Bordeaux / Bayonne,La Réunion  - Saint-Pierre,Simplon Montpellier",True,Data-intelligence artificielle,ASCENCIA PARIS LA DEFENSE,,36129,,07/10/2024,06/03/2026,21/09/2024,False,au-delà de 7 mois,"31094,31028",,"Conduite projet informatique,Intelligence artificielle",,Chef / Cheffe de projet en intelligence artificielle,Niveau 7,"326t,326p",,"Programmation, mise en place de logiciels,Informatique, traitement de l'information (organisation, gestion)",,Outre-mer,https://www.francecompetences.fr/recherche/rncp/36129/,,50123141900034,,Active,,Chef de projet en intelligence artificielle,,
"100% en ligne,100% à distance,A distance,100% Distanciel,Distance,Simplon Bordeaux / Bayonne,La Réunion  - Saint-Pierre,Simplon Montpellier",True,Data-intelligence artificielle,ASCENCIA PARIS LA DEFENSE,,36129,,07/10/2024,06/03/2026,21/09/2024,False,au-delà de 7 mois,"31094,31028",,"Conduite projet informatique,Intelligence artificielle",,Chef / Cheffe de projet en intelligence artificielle,Niveau 7,"326t,326p",,"Programmation, mise en place de logiciels,Informatique, traitement de l'information (organisation, gestion)",,Nouvelle-Aquitaine,https://www.francecompetences.fr/recherche/rncp/36129/,,50123141900034,,Active,,Chef de projet en intelligence artificielle,,
"100% en ligne,100% à distance,A distance,100% Distanciel,Distance,Simplon Bordeaux / Bayonne,La Réunion  - Saint-Pierre,Simplon Montpellier",True,Data-intelligence artificielle,ASCENCIA PARIS LA DEFENSE,,36129,,07/10/2024,06/03/2026,21/09/2024,False,au-delà de 7 mois,"31094,31028",,"Conduite projet informatique,Intelligence artificielle",,Chef / Cheffe de projet en intelligence artificielle,Niveau 7,"326t,326p",,"Programmation, mise en place de logiciels,Informatique, traitement de l'information (organisation, gestion)",,Grand Ouest,https://www.francecompetences.fr/recherche/rncp/36129/,,50123141900034,,Active,,Chef de projet en intelligence artificielle,,
"Simplon Boulogne-sur-Mer,Simplon Toulouse,100% en ligne,Simplon Aulnay-sous-Bois",True,Développement d'applications,MINISTERE DU TRAVAIL DU PLEIN EMPLOI ET DE L' INSERTION,SIMPLON.CO,37674,5487,16/09/2024,19/09/2025,30/08/2024,False,au-delà de 7 mois,"31090,46288,31006,70710",31024,"Programmation web,Qualité web,Sécurité informatique,logiciel gestion de contenu e-commerce",Méthode agile,Développeur-euse web et web mobile,Niveau 5,326t,"310p,315p,300","Programmation, mise en place de logiciels","Spécialités plurivalentes des échanges et de la gestion (organisation , gestion),Spécialités plurivalentes des échanges et de la gestion (organisation, gestion),Spécialites plurivalentes des services",Occitanie,https://www.francecompetences.fr/recherche/rncp/37674/,https://www.francecompetences.fr/recherche/rs/5487/,11000007200014,79279132900016,Active,Active,TP - Développeur web et web mobile,Gérer un projet en mobilisant les méthodes agiles,
,False,Fondamentaux numériques,,,,,,,,False,,,,,,Parcours Welcode,,,,,,,,,,,,,,,
"100% en ligne,100% à distance,A distance,100% Distanciel,Distance,Simplon Bordeaux / Bayonne,La Réunion  - Saint-Pierre,Simplon Montpellier",True,Data-intelligence artificielle,ASCENCIA PARIS LA DEFENSE,,36129,,07/10/2024,06/03/2026,21/09/2024,False,au-delà de 7 mois,"31094,31028",,"Conduite projet informatique,Intelligence artificielle",,Chef / Cheffe de projet en intelligence artificielle,Niveau 7,"326t,326p",,"Programmation, mise en place de logiciels,Informatique, traitement de l'information (organisation, gestion)",,Provence-Alpes-Cote d'Azur,https://www.francecompetences.fr/recherche/rncp/36129/,,50123141900034,,Active,,Chef de projet en intelligence artificielle,,
,False,Fondamentaux numériques,,,,,,,,False,,,,,,Médiateur-trice numérique,,,,,,,,,,,,,,,Après un parcours de formation continue
,False,Fondamentaux numériques,,,,,,,,False,,,,,,Mobiliser les compétences informatiques fondamentales,,,,,,,,,,,,,,,Après un parcours de formation continue
,False,Développement d'applications,MINISTERE DU TRAVAIL DU PLEIN EMPLOI ET DE L' INSERTION,SIMPLON.CO,37674,5487,02/09/2024,30/05/2025,19/08/2024,False,au-delà de 7 mois,"31090,46288,31006,70710",31024,"Programmation web,Qualité web,Sécurité informatique,logiciel gestion de contenu e-commerce",Méthode agile,Développeur-euse web et web mobile,Niveau 5,326t,"310p,315p,300","Programmation, mise en place de logiciels","Spécialités plurivalentes des échanges et de la gestion (organisation , gestion),Spécialités plurivalentes des échanges et de la gestion (organisation, gestion),Spécialites plurivalentes des services",Hauts-de-France,https://www.francecompetences.fr/recherche/rncp/37674/,https://www.francecompetences.fr/recherche/rs/5487/,11000007200014,79279132900016,Active,Active,TP - Développeur web et web mobile,Gérer un projet en mobilisant les méthodes agiles,
"100% en ligne,100% à distance,A distance,100% Distanciel,Distance,Simplon Bordeaux / Bayonne,La Réunion  - Saint-Pierre,Simplon Montpellier",True,Data-intelligence artificielle,ASCENCIA PARIS LA DEFENSE,,36129,,07/10/2024,06/03/2026,21/09/2024,False,au-delà de 7 mois,"31094,31028",,"Conduite projet informatique,Intelligence artificielle",,Chef / Cheffe de projet en intelligence artificielle,Niveau 7,"326t,326p",,"Programmation, mise en place de logiciels,Informatique, traitement de l'information (organisation, gestion)",,Île-de-France,https://www.francecompetences.fr/recherche/rncp/36129/,,50123141900034,,Active,,Chef de projet en intelligence artificielle,,
"100% en ligne,100% à distance,A distance,100% Distanciel,Distance,Simplon Bordeaux / Bayonne,La Réunion  - Saint-Pierre,Simplon Montpellier",True,Data-intelligence artificielle,ASCENCIA PARIS LA DEFENSE,,36129,,07/10/2024,06/03/2026,21/09/2024,False,au-delà de 7 mois,"31094,31028",,"Conduite projet informatique,Intelligence artificielle",,Chef / Cheffe de projet en intelligence artificielle,Niveau 7,"326t,326p",,"Programmation, mise en place de logiciels,Informatique, traitement de l'information (organisation, gestion)",,Hauts-de-France,https://www.francecompetences.fr/recherche/rncp/36129/,,50123141900034,,Active,,Chef de projet en intelligence artificielle,,
,False,Fondamentaux numériques,,,,,,,,False,,,,,,Bootcamp IA 100% femmes,,,,,,,,,,,,,,,
,True,Data-intelligence artificielle,ASCENCIA PARIS LA DEFENSE,,36129,,07/10/2024,06/03/2026,21/09/2024,False,au-delà de 7 mois,"31094,31028",,"Conduite projet informatique,Intelligence artificielle",,Chef / Cheffe de projet en intelligence artificielle,Niveau 7,"326t,326p",,"Programmation, mise en place de logiciels,Informatique, traitement de l'information (organisation, gestion)",,Auvergne-Rhône-Alpes,https://www.francecompetences.fr/recherche/rncp/36129/,,50123141900034,,Active,,Chef de projet en intelligence artificielle,,
"100% en ligne,Distance,A distance,A distance,100% Distanciel,La Réunion - Saint-Denis,Simplon Toulouse",True,Data-intelligence artificielle,SIMPLON.CO,,37638,,07/10/2024,07/03/2026,21/09/2024,False,au-delà de 7 mois,"31036,31023,31052,24268,71654",,"Administration base de données,Données massives,Data Warehouse,Transmission données informatiques,logiciel système gestion bases données",,Data Engineer,Niveau 7,326,,"Informatique, traitement de l'information, réseaux de transmission",,Provence-Alpes-Cote d'Azur,https://www.francecompetences.fr/recherche/rncp/37638/,,79279132900016,,Active,,Expert en infrastructures de données massives,,
"100% en ligne,Distance,A distance,A distance,100% Distanciel,La Réunion - Saint-Denis,Simplon Toulouse",True,Data-intelligence artificielle,SIMPLON.CO,,37638,,07/10/2024,07/03/2026,21/09/2024,False,au-delà de 7 mois,"31036,31023,31052,24268,71654",,"Administration base de données,Données massives,Data Warehouse,Transmission données informatiques,logiciel système gestion bases données",,Data Engineer,Niveau 7,326,,"Informatique, traitement de l'information, réseaux de transmission",,Île-de-France,https://www.francecompetences.fr/recherche/rncp/37638/,,79279132900016,,Active,,Expert en infrastructures de données massives,,
"100% en ligne,Distance,A distance,A distance,100% Distanciel,La Réunion - Saint-Denis,Simplon Toulouse",True,Data-intelligence artificielle,SIMPLON.CO,,37638,,07/10/2024,07/03/2026,21/09/2024,False,au-delà de 7 mois,"31036,31023,31052,24268,71654",,"Administration base de données,Données massives,Data Warehouse,Transmission données informatiques,logiciel système gestion bases données",,Data Engineer,Niveau 7,326,,"Informatique, traitement de l'information, réseaux de transmission",,Occitanie,https://www.francecompetences.fr/recherche/rncp/37638/,,79279132900016,,Active,,Expert en infrastructures de données massives,,
"100% en ligne,Distance,A distance,A distance,100% Distanciel,La Réunion - Saint-Denis,Simplon Toulouse",True,Data-intelligence artificielle,SIMPLON.CO,,37638,,07/10/2024,07/03/2026,21/09/2024,False,,"31036,31023,31052,24268,71654",,"Administration base de données,Données massives,Data Warehouse,Transmission données informatiques,logiciel système gestion bases données",,Data Engineer,Niveau 7,326,,"Informatique, traitement de l'information, réseaux de transmission",,Grand Ouest,https://www.francecompetences.fr/recherche/rncp/37638/,,79279132900016,,Active,,Expert en infrastructures de données massives,,
,True,Data-intelligence artificielle,SIMPLON.CO,,37638,,07/10/2024,06/03/2026,21/09/2024,False,au-delà de 7 mois,"31036,31023,31052,24268,71654",,"Administration base de données,Données massives,Data Warehouse,Transmission données informatiques,logiciel système gestion bases données",,Data Engineer,Niveau 7,326,,"Informatique, traitement de l'information, réseaux de transmission",,Auvergne-Rhône-Alpes,https://www.francecompetences.fr/recherche/rncp/37638/,,79279132900016,,Active,,Expert en infrastructures de données massives,,
,False,Fondamentaux numériques,,SIMPLON.CO,,5837,,,,False,,,"15050,31080,15061",,"Mise à niveau technologique,Matériel informatique,Accompagnement vers emploi",Refugeeks - Compétences informatiques fondamentales,,,326,,"Informatique, traitement de l'information, réseaux de transmission",,,https://www.francecompetences.fr/recherche/rs/5837/,,79279132900016,,Active,,Mobiliser les compétences informatiques fondamentales,Après un parcours de formation continue
,False,Infrastructures et cybersécurité,,,,,,,,False,,,,,,Technicien-ne Support de Proximité,,,,,,,,,,,,,,,
,False,Fondamentaux numériques,,CERTIF PRO,,5616,,,,False,,,15050,,Mise à niveau technologique,CléA Numérique - Compétences Digitales pour l’Emploi,,,100,,Formations générales,,,https://www.francecompetences.fr/recherche/rs/5616,,85271587900031,,Active,,Socle de connaissances et de compétences professionnelles numérique (CléA Numérique),
,False,Fondamentaux numériques,,CERTIF PRO,,5616,,,,False,,,15050,,Mise à niveau technologique,Artisanat et outils numériques - Culture numérique,,,100,,Formations générales,,,https://www.francecompetences.fr/recherche/rs/5616,,85271587900031,,Active,,Socle de connaissances et de compétences professionnelles numérique (CléA Numérique),"Après un parcours de formation continue,Par candidature individuelle"
,False,Infrastructures et cybersécurité,MINISTERE DU TRAVAIL DU PLEIN EMPLOI ET DE L' INSERTION,,37681,,,,,False,,"31081,31080,24231,31051,31016",,"Gestion parc informatique,Matériel informatique,Réseau informatique,Maintenance assistance informatique,Architecture mobile",,Technicien support spécialisation studio jeux vidéo,Niveau 4,326r,,"Assistance informatique, maintenance de logiciels et réseaux",,,https://www.francecompetences.fr/recherche/rncp/37681/,,11000007200014,,Active,,TP - Technicien d'assistance en informatique,,
,False,Infrastructures et cybersécurité,MINISTERE DU TRAVAIL DU PLEIN EMPLOI ET DE L' INSERTION,SIMPLON.CO,225,5487,,,,False,,31051,31024,Maintenance assistance informatique,Méthode agile,Technicien-ne helpdesk,Niveau 4,326r,"310p,315p,300","Assistance informatique, maintenance de logiciels et réseaux","Spécialités plurivalentes des échanges et de la gestion (organisation , gestion),Spécialités plurivalentes des échanges et de la gestion (organisation, gestion),Spécialites plurivalentes des services",,https://www.francecompetences.fr/recherche/rncp/225/,https://www.francecompetences.fr/recherche/rs/5487/,11000007200014,79279132900016,Inactive,Active,TP - Technicien d’assistance en informatique,Gérer un projet en mobilisant les méthodes agiles,"En contrat de professionnalisation / en contrat d’apprentissage,Après un parcours de formation continue,Par expérience."
,False,Infrastructures et cybersécurité,,,,,,,,False,,,,,,Devenez ambassadeur de la cybersécurité pour votre PME/TPE !,,,,,,,,,,,,,,,
,False,Infrastructures et cybersécurité,MINISTERE DU TRAVAIL DU PLEIN EMPLOI ET DE L' INSERTION,SIMPLON.CO,37682,5021,,,,False,,"24231,31008",31090,"Réseau informatique,Système information",Programmation web,Technicien- supérieur-e systèmes et réseaux - Spécialisation analyse cybersécurité,Niveau 5,"326p,326r,326u",326,"Informatique, traitement de l'information (organisation, gestion),Assistance informatique, maintenance de logiciels et réseaux,Exploitation informatique","Informatique, traitement de l'information, réseaux de transmission",,https://www.francecompetences.fr/recherche/rncp/37682/,https://www.francecompetences.fr/recherche/rs/5021/,11000007200014,79279132900016,Active,Active,TP - Technicien supérieur systèmes et réseaux,Analyser les incidents de sécurité détectés,
,False,Infrastructures et cybersécurité,,SIMPLON.CO,,5021,,,,False,,,31090,,Programmation web,Analyse cybersécurité - spécialisation,,,326,,"Informatique, traitement de l'information, réseaux de transmission",,,https://www.francecompetences.fr/recherche/rs/5021/,,79279132900016,,Active,,Analyser les incidents de sécurité détectés,Après un parcours de formation continue
,False,Infrastructures et cybersécurité,,,,,,,,False,,,,,,Acculturation Cyber : guide pour la résilience des PME/TPE,,,,,,,,,,,,,,,
"Simplon Montreuil,Simplon - Lens",False,Fondamentaux numériques,,,,,07/10/2024,19/11/2024,13/09/2024,False,inférieur à 3 mois,,,,,Hackeuses - Culture et techniques du numérique,,,,,,Hauts-de-France,,,,,,,,,Après un parcours de formation continue
,False,Fondamentaux numériques,,,,,23/09/2024,,08/09/2024,False,inférieur à 3 mois,,,,,Hackeuses - Culture et techniques du numérique,,,,,,Île-de-France,,,,,,,,,Après un parcours de formation continue
,False,Fondamentaux numériques,,SIMPLON.CO,,5837,09/09/2024,,25/08/2024,False,inférieur à 3 mois,,"15050,31080,15061",,"Mise à niveau technologique,Matériel informatique,Accompagnement vers emploi",Artis - Culture et techniques du numérique,,,326,,"Informatique, traitement de l'information, réseaux de transmission",Grand Ouest,,https://www.francecompetences.fr/recherche/rs/5837/,,79279132900016,,Active,,Mobiliser les compétences informatiques fondamentales,Après un parcours de formation continue
"100% en ligne,100% à distance,A distance,Distance,La Réunion  - Saint-Pierre,Simplon Bordeaux / Bayonne,A distance,Simplon Aulnay-sous-Bois",True,Infrastructures et cybersécurité,MINISTERE DU TRAVAIL DU PLEIN EMPLOI ET DE L' INSERTION,,37681,,16/09/2024,,30/08/2024,False,au-delà de 7 mois,"31081,31080,24231,31051,31016",,"Gestion parc informatique,Matériel informatique,Réseau informatique,Maintenance assistance informatique,Architecture mobile",,Technicien-ne d’assistance en informatique,Niveau 4,326r,,"Assistance informatique, maintenance de logiciels et réseaux",,Île-de-France,https://www.francecompetences.fr/recherche/rncp/37681/,,11000007200014,,Active,,TP - Technicien d'assistance en informatique,,
"100% en ligne,100% à distance,A distance,Distance,La Réunion  - Saint-Pierre,Simplon Bordeaux / Bayonne,A distance,Simplon Aulnay-sous-Bois",True,Infrastructures et cybersécurité,MINISTERE DU TRAVAIL DU PLEIN EMPLOI ET DE L' INSERTION,,37681,,16/09/2024,05/03/2025,30/08/2024,False,au-delà de 7 mois,"31081,31080,24231,31051,31016",,"Gestion parc informatique,Matériel informatique,Réseau informatique,Maintenance assistance informatique,Architecture mobile",,Technicien-ne d’assistance en informatique,Niveau 4,326r,,"Assistance informatique, maintenance de logiciels et réseaux",,Île-de-France,https://www.francecompetences.fr/recherche/rncp/37681/,,11000007200014,,Active,,TP - Technicien d'assistance en informatique,,
"100% en ligne,100% à distance,A distance,Distance,La Réunion  - Saint-Pierre,Simplon Bordeaux / Bayonne,A distance,Simplon Aulnay-sous-Bois",True,Infrastructures et cybersécurité,MINISTERE DU TRAVAIL DU PLEIN EMPLOI ET DE L' INSERTION,,37681,,16/09/2024,19/09/2025,30/08/2024,False,au-delà de 7 mois,"31081,31080,24231,31051,31016",,"Gestion parc informatique,Matériel informatique,Réseau informatique,Maintenance assistance informatique,Architecture mobile",,Technicien-ne d’assistance en informatique,Niveau 4,326r,,"Assistance informatique, maintenance de logiciels et réseaux",,Nouvelle-Aquitaine,https://www.francecompetences.fr/recherche/rncp/37681/,,11000007200014,,Active,,TP - Technicien d'assistance en informatique,,
"100% en ligne,100% à distance,A distance,Distance,La Réunion  - Saint-Pierre,Simplon Bordeaux / Bayonne,A distance,Simplon Aulnay-sous-Bois",True,Infrastructures et cybersécurité,MINISTERE DU TRAVAIL DU PLEIN EMPLOI ET DE L' INSERTION,,37681,,16/09/2024,05/03/2025,30/08/2024,False,au-delà de 7 mois,"31081,31080,24231,31051,31016",,"Gestion parc informatique,Matériel informatique,Réseau informatique,Maintenance assistance informatique,Architecture mobile",,Technicien-ne d’assistance en informatique,Niveau 4,326r,,"Assistance informatique, maintenance de logiciels et réseaux",,Outre-mer,https://www.francecompetences.fr/recherche/rncp/37681/,,11000007200014,,Active,,TP - Technicien d'assistance en informatique,,
"100% en ligne,100% à distance,A distance,Distance,La Réunion  - Saint-Pierre,Simplon Bordeaux / Bayonne,A distance,Simplon Aulnay-sous-Bois",True,Infrastructures et cybersécurité,MINISTERE DU TRAVAIL DU PLEIN EMPLOI ET DE L' INSERTION,,37681,,16/09/2024,19/09/2026,30/08/2024,False,au-delà de 7 mois,"31081,31080,24231,31051,31016",,"Gestion parc informatique,Matériel informatique,Réseau informatique,Maintenance assistance informatique,Architecture mobile",,Technicien-ne d’assistance en informatique,Niveau 4,326r,,"Assistance informatique, maintenance de logiciels et réseaux",,Grand Ouest,https://www.francecompetences.fr/recherche/rncp/37681/,,11000007200014,,Active,,TP - Technicien d'assistance en informatique,,
"100% en ligne,100% à distance,A distance,Distance,La Réunion  - Saint-Pierre,Simplon Bordeaux / Bayonne,A distance,Simplon Aulnay-sous-Bois",True,Infrastructures et cybersécurité,MINISTERE DU TRAVAIL DU PLEIN EMPLOI ET DE L' INSERTION,,37681,,16/09/2024,19/09/2026,30/08/2024,False,au-delà de 7 mois,"31081,31080,24231,31051,31016",,"Gestion parc informatique,Matériel informatique,Réseau informatique,Maintenance assistance informatique,Architecture mobile",,Technicien-ne d’assistance en informatique,Niveau 4,326r,,"Assistance informatique, maintenance de logiciels et réseaux",,Occitanie,https://www.francecompetences.fr/recherche/rncp/37681/,,11000007200014,,Active,,TP - Technicien d'assistance en informatique,,
"100% en ligne,100% à distance,A distance,Distance,La Réunion  - Saint-Pierre,Simplon Bordeaux / Bayonne,A distance,Simplon Aulnay-sous-Bois",True,Infrastructures et cybersécurité,MINISTERE DU TRAVAIL DU PLEIN EMPLOI ET DE L' INSERTION,,37681,,16/09/2024,19/09/2026,30/08/2024,False,au-delà de 7 mois,"31081,31080,24231,31051,31016",,"Gestion parc informatique,Matériel informatique,Réseau informatique,Maintenance assistance informatique,Architecture mobile",,Technicien-ne d’assistance en informatique,Niveau 4,326r,,"Assistance informatique, maintenance de logiciels et réseaux",,Hauts-de-France,https://www.francecompetences.fr/recherche/rncp/37681/,,11000007200014,,Active,,TP - Technicien d'assistance en informatique,,
,True,Infrastructures et cybersécurité,,,,,09/09/2024,18/10/2024,25/08/2024,False,inférieur à 3 mois,,,,,SAS de pré-qualification aux métiers du numérique - filière cybersécurité,,,,,,Grand Ouest,,,,,,,,,
,True,Infrastructures et cybersécurité,MINISTERE DU TRAVAIL DU PLEIN EMPLOI ET DE L' INSERTION,,37681,,16/09/2024,19/09/2025,30/08/2024,False,au-delà de 7 mois,"31081,31080,24231,31051,31016",,"Gestion parc informatique,Matériel informatique,Réseau informatique,Maintenance assistance informatique,Architecture mobile",,Technicien-ne d’assistance en informatique,Niveau 4,326r,,"Assistance informatique, maintenance de logiciels et réseaux",,Auvergne-Rhône-Alpes,https://www.francecompetences.fr/recherche/rncp/37681/,,11000007200014,,Active,,TP - Technicien d'assistance en informatique,,
,False,Infrastructures et cybersécurité,,,,,30/09/2024,,27/09/2024,False,inférieur à 3 mois,,,,,SAS de pré-qualif aux métiers du numérique - filière Infrastructures,,,,,,Outre-mer,,,,,,,,,
"Simplon Nice,Simplon Marseille Le Cloître",False,Infrastructures et cybersécurité,MINISTERE DU TRAVAIL DU PLEIN EMPLOI ET DE L' INSERTION,SIMPLON.CO,37680,5487,30/09/2024,,09/09/2024,False,au-delà de 7 mois,"31015,31006,24273,31008,31034",31024,"Virtualisation,Sécurité informatique,Architecture réseau,Système information,Administration système",Méthode agile,Opérateur-trice de solutions de sécurité Cloud et Hybride,Niveau 6,326,"310p,315p,300","Informatique, traitement de l'information, réseaux de transmission","Spécialités plurivalentes des échanges et de la gestion (organisation , gestion),Spécialités plurivalentes des échanges et de la gestion (organisation, gestion),Spécialites plurivalentes des services",Provence-Alpes-Cote d'Azur,https://www.francecompetences.fr/recherche/rncp/37680/,https://www.francecompetences.fr/recherche/rs/5487/,11000007200014,79279132900016,Active,Active,TP - Administrateur d'infrastructures sécurisées,Gérer un projet en mobilisant les méthodes agiles,
,False,Infrastructures et cybersécurité,MINISTERE DU TRAVAIL DU PLEIN EMPLOI ET DE L' INSERTION,SIMPLON.CO,37680,5487,30/09/2024,,09/09/2024,False,au-delà de 7 mois,"31015,31006,24273,31008,31034",31024,"Virtualisation,Sécurité informatique,Architecture réseau,Système information,Administration système",Méthode agile,Opérateur-trice de solutions de sécurité Cloud et Hybride,Niveau 6,326,"310p,315p,300","Informatique, traitement de l'information, réseaux de transmission","Spécialités plurivalentes des échanges et de la gestion (organisation , gestion),Spécialités plurivalentes des échanges et de la gestion (organisation, gestion),Spécialites plurivalentes des services",Provence-Alpes-Cote d'Azur,https://www.francecompetences.fr/recherche/rncp/37680/,https://www.francecompetences.fr/recherche/rs/5487/,11000007200014,79279132900016,Active,Active,TP - Administrateur d'infrastructures sécurisées,Gérer un projet en mobilisant les méthodes agiles,
,False,Infrastructures et cybersécurité,MINISTERE DU TRAVAIL DU PLEIN EMPLOI ET DE L' INSERTION,SIMPLON.CO,37680,5234,30/09/2024,,14/09/2024,False,au-delà de 7 mois,"31015,31006,24273,31008,31034",31054,"Virtualisation,Sécurité informatique,Architecture réseau,Système information,Administration système",Informatique et systèmes d'information,Administrateur-trice d’infrastructures sécurisées DevOps,Niveau 6,326,326,"Informatique, traitement de l'information, réseaux de transmission","Informatique, traitement de l'information, réseaux de transmission",Île-de-France,https://www.francecompetences.fr/recherche/rncp/37680/,https://www.francecompetences.fr/recherche/rs/5234/,11000007200014,79279132900016,Active,Active,TP - Administrateur d'infrastructures sécurisées,Exploiter les méthodes et outils DevOps dans l’administration des infrastructures,
"100% en ligne,Distance,A distance,100% à distance,100% Distanciel,A distance",True,Infrastructures et cybersécurité,MINISTERE DU TRAVAIL DU PLEIN EMPLOI ET DE L' INSERTION,SIMPLON.CO,37680,5487,30/09/2024,03/10/2025,14/09/2024,False,au-delà de 7 mois,"31015,31006,24273,31008,31034",31024,"Virtualisation,Sécurité informatique,Architecture réseau,Système information,Administration système",Méthode agile,Administrateur-trice d’infrastructures sécurisées,Niveau 6,326,"310p,315p,300","Informatique, traitement de l'information, réseaux de transmission","Spécialités plurivalentes des échanges et de la gestion (organisation , gestion),Spécialités plurivalentes des échanges et de la gestion (organisation, gestion),Spécialites plurivalentes des services",Occitanie,https://www.francecompetences.fr/recherche/rncp/37680/,https://www.francecompetences.fr/recherche/rs/5487/,11000007200014,79279132900016,Active,Active,TP - Administrateur d'infrastructures sécurisées,Gérer un projet en mobilisant les méthodes agiles,"En contrat de professionnalisation / en contrat d’apprentissage,Après un parcours de formation continue,Par expérience."
"100% en ligne,Distance,A distance,100% à distance,100% Distanciel,A distance",True,Infrastructures et cybersécurité,MINISTERE DU TRAVAIL DU PLEIN EMPLOI ET DE L' INSERTION,SIMPLON.CO,37680,5487,30/09/2024,03/10/2025,14/09/2024,False,au-delà de 7 mois,"31015,31006,24273,31008,31034",31024,"Virtualisation,Sécurité informatique,Architecture réseau,Système information,Administration système",Méthode agile,Administrateur-trice d’infrastructures sécurisées,Niveau 6,326,"310p,315p,300","Informatique, traitement de l'information, réseaux de transmission","Spécialités plurivalentes des échanges et de la gestion (organisation , gestion),Spécialités plurivalentes des échanges et de la gestion (organisation, gestion),Spécialites plurivalentes des services",Provence-Alpes-Cote d'Azur,https://www.francecompetences.fr/recherche/rncp/37680/,https://www.francecompetences.fr/recherche/rs/5487/,11000007200014,79279132900016,Active,Active,TP - Administrateur d'infrastructures sécurisées,Gérer un projet en mobilisant les méthodes agiles,"En contrat de professionnalisation / en contrat d’apprentissage,Après un parcours de formation continue,Par expérience."
"100% en ligne,Distance,A distance,100% à distance,100% Distanciel,A distance",True,Infrastructures et cybersécurité,MINISTERE DU TRAVAIL DU PLEIN EMPLOI ET DE L' INSERTION,SIMPLON.CO,37680,5487,30/09/2024,03/10/2025,14/09/2024,False,au-delà de 7 mois,"31015,31006,24273,31008,31034",31024,"Virtualisation,Sécurité informatique,Architecture réseau,Système information,Administration système",Méthode agile,Administrateur-trice d’infrastructures sécurisées,Niveau 6,326,"310p,315p,300","Informatique, traitement de l'information, réseaux de transmission","Spécialités plurivalentes des échanges et de la gestion (organisation , gestion),Spécialités plurivalentes des échanges et de la gestion (organisation, gestion),Spécialites plurivalentes des services",Hauts-de-France,https://www.francecompetences.fr/recherche/rncp/37680/,https://www.francecompetences.fr/recherche/rs/5487/,11000007200014,79279132900016,Active,Active,TP - Administrateur d'infrastructures sécurisées,Gérer un projet en mobilisant les méthodes agiles,"En contrat de professionnalisation / en contrat d’apprentissage,Après un parcours de formation continue,Par expérience."
"100% en ligne,Distance,A distance,100% à distance,100% Distanciel,A distance",True,Infrastructures et cybersécurité,MINISTERE DU TRAVAIL DU PLEIN EMPLOI ET DE L' INSERTION,SIMPLON.CO,37680,5487,30/09/2024,03/10/2025,14/09/2024,False,au-delà de 7 mois,"31015,31006,24273,31008,31034",31024,"Virtualisation,Sécurité informatique,Architecture réseau,Système information,Administration système",Méthode agile,Administrateur-trice d’infrastructures sécurisées,Niveau 6,326,"310p,315p,300","Informatique, traitement de l'information, réseaux de transmission","Spécialités plurivalentes des échanges et de la gestion (organisation , gestion),Spécialités plurivalentes des échanges et de la gestion (organisation, gestion),Spécialites plurivalentes des services",Île-de-France,https://www.francecompetences.fr/recherche/rncp/37680/,https://www.francecompetences.fr/recherche/rs/5487/,11000007200014,79279132900016,Active,Active,TP - Administrateur d'infrastructures sécurisées,Gérer un projet en mobilisant les méthodes agiles,"En contrat de professionnalisation / en contrat d’apprentissage,Après un parcours de formation continue,Par expérience."
"100% en ligne,Distance,A distance,100% à distance,100% Distanciel,A distance",True,Infrastructures et cybersécurité,MINISTERE DU TRAVAIL DU PLEIN EMPLOI ET DE L' INSERTION,SIMPLON.CO,37680,5487,30/09/2024,03/10/2025,14/09/2024,False,au-delà de 7 mois,"31015,31006,24273,31008,31034",31024,"Virtualisation,Sécurité informatique,Architecture réseau,Système information,Administration système",Méthode agile,Administrateur-trice d’infrastructures sécurisées,Niveau 6,326,"310p,315p,300","Informatique, traitement de l'information, réseaux de transmission","Spécialités plurivalentes des échanges et de la gestion (organisation , gestion),Spécialités plurivalentes des échanges et de la gestion (organisation, gestion),Spécialites plurivalentes des services",Grand Ouest,https://www.francecompetences.fr/recherche/rncp/37680/,https://www.francecompetences.fr/recherche/rs/5487/,11000007200014,79279132900016,Active,Active,TP - Administrateur d'infrastructures sécurisées,Gérer un projet en mobilisant les méthodes agiles,"En contrat de professionnalisation / en contrat d’apprentissage,Après un parcours de formation continue,Par expérience."
,True,Infrastructures et cybersécurité,MINISTERE DU TRAVAIL DU PLEIN EMPLOI ET DE L' INSERTION,SIMPLON.CO,37680,5487,30/09/2024,03/10/2025,14/09/2024,False,au-delà de 7 mois,"31015,31006,24273,31008,31034",31024,"Virtualisation,Sécurité informatique,Architecture réseau,Système information,Administration système",Méthode agile,Administrateur-trice d’infrastructures sécurisées,Niveau 6,326,"310p,315p,300","Informatique, traitement de l'information, réseaux de transmission","Spécialités plurivalentes des échanges et de la gestion (organisation , gestion),Spécialités plurivalentes des échanges et de la gestion (organisation, gestion),Spécialites plurivalentes des services",Auvergne-Rhône-Alpes,https://www.francecompetences.fr/recherche/rncp/37680/,https://www.francecompetences.fr/recherche/rs/5487/,11000007200014,79279132900016,Active,Active,TP - Administrateur d'infrastructures sécurisées,Gérer un projet en mobilisant les méthodes agiles,"En contrat de professionnalisation / en contrat d’apprentissage,Après un parcours de formation continue,Par expérience."
